week_end_date,movie_id,rank,domestic_gross,domestic_theaters_count
2021-01-07,464052,1,6591907,2151
2021-01-07,529203,2,2731370,1751
2021-01-07,581032,3,2143800,1928
2021-01-07,549514,5,953070,1183
2021-01-07,551804,9,78785,201
2021-01-07,675327,13,51866,70
2021-01-07,653746,17,19000,150
2021-01-07,596161,19,10085,49
2021-01-07,713235,20,10000,30
2021-01-07,759902,21,2305,6
2021-01-07,773394,22,1501,20
2021-01-07,613658,24,307,3
2021-01-14,464052,1,3606246,2218
2021-01-14,529203,2,2183815,1818
2021-01-14,581032,3,1593370,1986
2021-01-14,549514,5,871642,1222
2021-01-14,675327,10,83167,107
2021-01-14,551804,12,69465,172
2021-01-14,638741,16,13271,54
2021-01-14,530789,17,10077,1
2021-01-14,759902,19,4978,8
2021-01-14,629540,21,2226,2
2021-01-14,773394,26,59,1
2021-01-21,464052,2,2835516,2201
2021-01-21,529203,3,2765990,1855
2021-01-21,581032,4,1387525,1953
2021-01-21,549514,7,645757,1175
2021-01-21,551804,14,56395,136
2021-01-21,675327,19,16793,68
2021-01-21,638741,20,15154,79
2021-01-21,759902,21,3649,4
2021-01-28,529203,2,2091610,1876
2021-01-28,464052,3,1892294,2013
2021-01-28,581032,5,975060,1953
2021-01-28,549514,7,515000,1175
2021-01-28,551804,19,50335,134
2021-01-28,530789,25,8452,1
2021-01-28,638741,27,7204,38
2021-01-28,675327,29,4478,22
2021-01-28,759902,32,1773,3
2021-01-28,629540,33,846,1
2021-02-04,529203,2,2152485,1901
2021-02-04,464052,4,1497102,1864
2021-02-04,581032,6,666805,1674
2021-02-04,549514,8,282640,1022
2021-02-04,551804,19,41410,150
2021-02-04,530789,26,5612,1
2021-02-04,638741,28,2015,10
2021-02-04,675327,31,628,6
2021-02-04,629540,32,399,1
2021-02-11,529203,2,2019160,1935
2021-02-11,464052,4,1114406,1818
2021-02-11,581032,6,488800,1537
2021-02-11,549514,8,218864,864
2021-02-11,551804,16,32405,127
2021-02-11,530789,28,3288,1
2021-02-11,638741,33,777,8
2021-02-11,629540,34,723,1
2021-02-18,529203,1,2875495,1890
2021-02-18,464052,4,1381606,1681
2021-02-18,581032,8,489030,1243
2021-02-18,549514,13,196567,667
2021-02-18,638741,33,608,2
2021-02-25,529203,1,2021180,1913
2021-02-25,464052,4,985382,1644
2021-02-25,581032,9,303030,1161
2021-02-25,549514,15,118716,608
2021-02-25,638741,33,2489,6
2021-03-04,529203,2,1656060,1912
2021-03-04,464052,4,1021558,1534
2021-03-04,581032,10,270255,992
2021-03-04,580532,11,234925,216
2021-03-04,549514,19,84123,511
2021-03-04,792657,21,51101,79
2021-03-11,527774,1,10337165,2045
2021-03-11,412656,3,4661407,1980
2021-03-11,631058,4,1547660,1252
2021-03-11,529203,5,952280,1604
2021-03-11,464052,8,618452,1217
2021-03-11,581032,14,190635,838
2021-03-11,580532,19,110471,210
2021-03-11,549514,23,32385,196
2021-03-11,792657,25,23182,39
2021-03-11,754934,27,18850,25
2021-03-18,527774,1,7945441,2163
2021-03-18,412656,3,3107226,1995
2021-03-18,631058,4,1114815,1272
2021-03-18,529203,5,840853,1440
2021-03-18,820556,7,603955,865
2021-03-18,464052,8,546288,1139
2021-03-18,796368,10,470000,130
2021-03-18,635012,11,336481,814
2021-03-18,805065,13,223541,104
2021-03-18,581032,21,112555,703
2021-03-18,580532,23,59342,124
2021-03-18,675575,27,20563,14
2021-03-18,754934,28,18768,29
2021-03-18,792657,32,7242,16
2021-03-25,527774,1,6607251,2261
2021-03-25,412656,3,2514623,2132
2021-03-25,529203,5,808355,1411
2021-03-25,631058,6,804365,1184
2021-03-25,464052,8,511815,1158
2021-03-25,820556,10,418555,933
2021-03-25,805065,17,181152,133
2021-03-25,635012,19,155170,821
2021-03-25,581032,22,108320,698
2021-03-25,675480,26,38951,110
2021-03-25,754934,30,12881,19
2021-03-25,792657,31,9708,7
2021-03-25,793807,34,5111,7
2021-04-01,399566,1,16474454,2409
2021-04-01,615457,2,8804295,2460
2021-04-01,527774,3,5243063,2212
2021-04-01,412656,5,1569812,2036
2021-04-01,529203,7,701625,1319
2021-04-01,631058,8,478055,1028
2021-04-01,464052,11,360185,1128
2021-04-01,820556,13,205432,652
2021-04-01,805065,14,195587,138
2021-04-01,581032,17,142725,620
2021-04-01,635012,26,27055,261
2021-04-01,800213,28,15800,106
2021-04-01,675480,30,9193,76
2021-04-01,792657,32,4410,2
2021-04-01,776946,40,1209,3
2021-04-01,793807,42,713,7
2021-04-08,399566,1,39645626,3064
2021-04-08,632357,2,4331878,1850
2021-04-08,615457,3,4172840,2567
2021-04-08,527774,4,2967491,2031
2021-04-08,412656,8,556587,1605
2021-04-08,529203,9,338235,1212
2021-04-08,464052,12,193041,1011
2021-04-08,631058,14,157580,603
2021-04-08,805065,18,93197,85
2021-04-08,820556,19,67944,186
2021-04-08,581032,26,16350,166
2021-04-08,635012,32,3223,41
2021-04-08,800213,35,1516,15
2021-04-08,807278,36,1513,2
2021-04-08,776946,37,1135,1
2021-04-15,399566,1,16690347,3084
2021-04-15,615457,2,3553910,2400
2021-04-15,632357,3,3170855,1850
2021-04-15,527774,4,2674199,1941
2021-04-15,412656,9,365253,1300
2021-04-15,529203,10,305555,1139
2021-04-15,464052,15,111513,972
2021-04-15,820556,17,85426,202
2021-04-15,631058,19,76145,448
2021-04-15,805065,25,28465,46
2021-04-15,581032,27,20885,141
2021-04-15,762888,33,6772,7
2021-04-15,635012,35,4037,18
2021-04-15,807278,40,765,1
2021-04-15,776946,43,303,1
2021-04-22,399566,1,9565417,3001
2021-04-22,615457,2,3280675,2405
2021-04-22,632357,3,2642396,2057
2021-04-22,527774,4,2389559,1945
2021-04-22,529203,10,370275,1169
2021-04-22,412656,11,271277,1242
2021-04-22,820556,14,201711,689
2021-04-22,464052,17,109839,952
2021-04-22,581032,25,31035,143
2021-04-22,805065,29,17914,30
2021-04-22,635012,37,2472,14
2021-04-22,807278,38,2051,2
2021-04-29,615457,3,2296090,2252
2021-04-29,527774,4,2081778,1819
2021-04-29,632357,5,1920290,1835
2021-04-29,529203,10,247897,1156
2021-04-29,412656,13,134692,1071
2021-04-29,820556,14,113798,575
2021-04-29,581032,27,10975,92
2021-04-29,805065,31,3110,13
2021-04-29,635012,33,1819,5
2021-04-29,807278,36,1072,1
2021-05-06,399566,3,3462462,2573
2021-05-06,527774,5,1705960,1810
2021-05-06,615457,6,1699370,2056
2021-05-06,632357,7,1379334,1538
2021-05-06,529203,13,233160,1111
2021-05-06,820556,14,206872,713
2021-05-06,412656,21,67279,502
2021-05-06,805065,37,1548,7
2021-05-06,807278,39,690,1
2021-05-06,635012,40,436,3
2021-05-13,399566,4,2517863,2573
2021-05-13,527774,5,2453907,2315
2021-05-13,615457,8,1093845,1931
2021-05-13,632357,9,967264,1390
2021-05-13,635012,11,487839,121
2021-05-13,529203,13,218830,1200
2021-05-13,820556,20,89928,224
2021-05-13,412656,28,39752,413
2021-05-13,464052,31,35342,351
2021-05-20,527774,5,2233731,2285
2021-05-20,399566,6,1924558,2484
2021-05-20,493675,9,1007035,2033
2021-05-20,615457,11,529295,1553
2021-05-20,632357,12,484273,859
2021-05-20,529203,16,210380,1097
2021-05-20,820556,26,26694,75
2021-05-27,527774,3,2225820,2375
2021-05-27,603206,5,1087592,1254
2021-05-27,493675,7,688550,2104
2021-05-27,615457,9,434810,1464
2021-05-27,632357,10,430460,745
2021-05-27,728125,13,195930,308
2021-05-27,529203,14,177070,1054
2021-05-27,820556,25,24291,46
2021-05-27,805065,45,219,2
2021-06-03,520763,1,69110985,3726
2021-06-03,337404,2,32441673,3892
2021-06-03,527774,5,3356781,2015
2021-06-03,399566,7,1361463,1815
2021-06-03,603206,8,1014696,1284
2021-06-03,615457,14,177555,666
2021-06-03,632357,15,148202,303
2021-06-03,728125,17,113046,308
2021-06-03,529203,18,94935,926
2021-06-03,493675,21,49155,606
2021-06-03,820556,31,11392,18
2021-06-03,805065,47,80,1
2021-06-10,423108,1,33751425,3102
2021-06-10,520763,2,28229230,3744
2021-06-10,337404,3,16818273,3922
2021-06-10,527774,6,1711270,1504
2021-06-10,399566,9,757804,1815
2021-06-10,603206,10,392822,648
2021-06-10,800247,11,251159,90
2021-06-10,529203,16,80270,889
2021-06-10,615457,17,63170,417
2021-06-10,632357,18,46871,68
2021-06-10,514995,23,22517,100
2021-06-10,764068,24,18722,46
2021-06-10,574086,32,8877,2
2021-06-10,820556,35,7380,16
2021-06-17,520763,1,18518963,3515
2021-06-17,467909,2,15454628,3456
2021-06-17,423108,3,14699859,3102
2021-06-17,337404,5,10375856,3307
2021-06-17,522931,6,5349340,2940
2021-06-17,583116,8,1410887,420
2021-06-17,553592,10,642331,500
2021-06-17,399566,13,449404,1815
2021-06-17,625169,14,366567,132
2021-06-17,527774,15,314054,559
2021-06-17,603206,16,177155,293
2021-06-17,800247,17,167846,90
2021-06-17,529203,18,85765,882
2021-06-17,615457,23,28190,366
2021-06-17,665886,27,18032,31
2021-06-17,574086,30,12573,14
2021-06-17,632357,32,8617,24
2021-06-17,711542,35,6288,9
2021-06-17,820556,39,3019,5
2021-06-17,764068,40,2456,21
2021-06-24,522931,1,15649346,3331
2021-06-24,520763,2,14329188,3401
2021-06-24,337404,4,7941433,3110
2021-06-24,423108,5,7762082,3102
2021-06-24,467909,6,6476881,3509
2021-06-24,625169,8,1335425,1047
2021-06-24,583116,9,903849,539
2021-06-24,553592,11,497788,600
2021-06-24,776485,12,401210,534
2021-06-24,399566,14,352603,1815
2021-06-24,527774,16,164680,252
2021-06-24,800247,17,132829,90
2021-06-24,776526,18,129443,227
2021-06-24,603206,20,78512,147
2021-06-24,529203,21,71885,850
2021-06-24,615457,22,34425,307
2021-06-24,663866,24,20484,57
2021-06-24,730081,27,15763,17
2021-06-24,574086,31,12044,19
2021-06-24,665886,33,8183,22
2021-06-24,716283,42,1616,5
2021-06-24,711542,46,810,4
2021-07-01,520763,2,10023293,3124
2021-07-01,522931,4,7379481,3361
2021-07-01,337404,5,6461749,2820
2021-07-01,423108,6,4722297,3102
2021-07-01,467909,7,3680515,2403
2021-07-01,625169,9,883369,1020
2021-07-01,615457,11,750315,115
2021-07-01,583116,12,367148,355
2021-07-01,800497,13,357817,270
2021-07-01,399566,14,347654,1815
2021-07-01,553592,16,297295,355
2021-07-01,776485,18,189710,534
2021-07-01,776526,19,88910,209
2021-07-01,800247,20,86711,54
2021-07-01,527774,22,84593,120
2021-07-01,603206,23,41470,73
2021-07-01,693827,24,39770,49
2021-07-01,653594,26,23550,4
2021-07-01,795853,28,17530,75
2021-07-01,730081,30,17210,22
2021-07-01,663866,35,7523,12
2021-07-01,574086,39,3772,16
2021-07-01,665886,42,1841,6
2021-07-08,602223,3,20734915,3051
2021-07-08,520763,4,7482636,2826
2021-07-08,522931,5,5031680,3361
2021-07-08,337404,6,4527681,2380
2021-07-08,423108,8,2242090,1716
2021-07-08,467909,10,2075528,1405
2021-07-08,625169,13,439649,338
2021-07-08,615457,14,349250,224
2021-07-08,553592,15,164007,170
2021-07-08,800497,16,140917,209
2021-07-08,800247,19,75923,36
2021-07-08,527774,20,63156,75
2021-07-08,776485,21,46745,130
2021-07-08,653594,23,38239,24
2021-07-08,603206,24,25527,73
2021-07-08,776526,25,25498,56
2021-07-08,693827,28,21260,42
2021-07-08,730081,31,13055,21
2021-07-08,999156,32,12948,21
2021-07-08,663866,40,2943,4
2021-07-08,642684,43,1096,10
2021-07-08,665886,45,650,4
2021-07-15,602223,4,11015795,3058
2021-07-15,520763,5,5033575,2359
2021-07-15,337404,6,3750852,1875
2021-07-15,522931,7,2488284,1904
2021-07-15,423108,10,1046787,1716
2021-07-15,467909,11,1030966,1405
2021-07-15,625169,14,213159,185
2021-07-15,553592,15,123735,163
2021-07-15,583116,16,64913,44
2021-07-15,653594,19,47011,57
2021-07-15,527774,20,45681,55
2021-07-15,800497,21,43615,63
2021-07-15,800247,22,43431,28
2021-07-15,603206,23,26242,44
2021-07-15,776526,27,9591,23
2021-07-15,730081,30,7004,13
2021-07-15,999156,33,3026,13
2021-07-15,663866,35,2610,6
2021-07-22,602223,6,6256000,2735
2021-07-22,520763,7,3545753,1995
2021-07-22,337404,9,1917327,1175
2021-07-22,522931,11,1200978,1034
2021-07-22,467909,13,602696,1405
2021-07-22,423108,14,589441,1716
2021-07-22,625169,17,136731,140
2021-07-22,553592,19,95392,123
2021-07-22,653594,22,41447,111
2021-07-22,800247,24,30135,23
2021-07-22,527774,26,23540,41
2021-07-22,800497,27,21410,46
2021-07-22,603206,29,14283,30
2021-07-22,776526,34,7241,16
2021-07-22,663866,44,446,2
2021-07-29,602223,8,3572605,2113
2021-07-29,520763,9,1896907,1397
2021-07-29,337404,13,811542,495
2021-07-29,522931,14,485897,476
2021-07-29,467909,16,315704,305
2021-07-29,423108,17,276272,1716
2021-07-29,625169,22,85368,74
2021-07-29,553592,26,46335,83
2021-07-29,527774,27,35481,35
2021-07-29,800247,28,22050,17
2021-07-29,653594,35,9689,44
2021-07-29,800497,39,8025,17
2021-07-29,603206,44,6010,17
2021-07-29,776526,48,3943,12
2021-07-29,730081,56,1093,4
2021-08-05,602223,11,1659935,1166
2021-08-05,520763,12,936020,779
2021-08-05,337404,14,527117,235
2021-08-05,522931,17,248926,260
2021-08-05,527774,22,38405,30
2021-08-05,625169,24,33880,50
2021-08-05,553592,25,28133,47
2021-08-05,800247,29,13911,12
2021-08-05,653594,36,5212,18
2021-08-05,800497,44,3371,11
2021-08-05,603206,48,1335,17
2021-08-12,602223,12,748030,779
2021-08-12,520763,13,506489,520
2021-08-12,423108,16,253768,100
2021-08-12,337404,17,203441,148
2021-08-12,522931,19,133012,179
2021-08-12,467909,21,71835,191
2021-08-12,603206,24,47684,56
2021-08-12,625169,28,30430,42
2021-08-12,553592,30,24435,47
2021-08-12,527774,32,18188,24
2021-08-12,800247,34,12546,10
2021-08-12,653594,49,1255,4
2021-08-12,800497,53,628,11
2021-08-19,520763,15,316252,419
2021-08-19,602223,16,288995,516
2021-08-19,337404,19,104627,95
2021-08-19,423108,20,81710,100
2021-08-19,522931,23,47783,88
2021-08-19,625169,30,17243,30
2021-08-19,800247,31,11628,12
2021-08-19,553592,33,7255,31
2021-08-19,527774,44,1838,10
2021-08-26,520763,20,142970,349
2021-08-26,602223,21,121500,371
2021-08-26,337404,22,87755,80
2021-08-26,423108,33,16372,30
2021-08-26,625169,36,14117,25
2021-08-26,800247,41,4437,6
2021-09-02,625169,22,88656,255
2021-09-02,337404,24,69464,65
2021-09-02,602223,29,38240,298
2021-09-02,800247,48,3159,6
2021-09-09,566525,1,109815141,4300
2021-09-09,337404,23,46271,55
2021-09-09,602223,25,29045,234
2021-09-09,637014,28,27513,4
2021-09-09,625169,29,18576,41
2021-09-09,769364,34,10470,27
2021-09-09,832189,39,4726,3
2021-09-16,566525,1,45378414,4300
2021-09-16,619778,3,7123527,3485
2021-09-16,643532,8,1474390,580
2021-09-16,858385,9,1010123,1073
2021-09-16,744275,11,576028,246
2021-09-16,665896,20,110995,205
2021-09-16,602223,28,39955,182
2021-09-16,795530,29,38499,44
2021-09-16,637014,30,31175,29
2021-09-16,656609,33,19660,38
2021-09-16,337404,34,18173,40
2021-09-16,625169,37,12776,33
2021-09-16,659954,41,10518,2
2021-09-16,832189,43,7519,27
2021-09-16,769364,46,3119,14
2021-09-23,566525,1,27980529,4070
2021-09-23,749274,3,6227538,3967
2021-09-23,619778,5,3639976,3501
2021-09-23,738652,6,3226996,3005
2021-09-23,601470,9,909575,450
2021-09-23,643532,11,631530,584
2021-09-23,858385,12,587352,1073
2021-09-23,644089,13,483815,477
2021-09-23,744275,16,264663,246
2021-09-23,653572,29,28792,46
2021-09-23,602223,30,23085,175
2021-09-23,637014,31,16688,27
2021-09-23,795530,32,15420,31
2021-09-23,625169,42,4903,22
2021-09-23,656609,46,1855,12
2021-09-30,566525,1,16897718,3952
2021-09-30,567690,2,9349160,3364
2021-09-30,749274,5,2916842,4022
2021-09-30,619778,7,1982823,2534
2021-09-30,738652,8,1774853,3005
2021-09-30,601470,10,955595,1352
2021-09-30,744275,11,760232,1294
2021-09-30,643532,13,451810,739
2021-09-30,644089,15,254360,487
2021-09-30,858385,17,157336,502
2021-09-30,653572,29,19724,48
2021-09-30,659954,33,11473,18
2021-09-30,602223,35,11145,174
2021-09-30,795530,36,11049,19
2021-09-30,637014,37,10328,20
2021-09-30,625169,44,4196,12
2021-10-07,580489,1,109665616,4225
2021-10-07,566525,3,8184963,3455
2021-10-07,524369,4,5957052,3181
2021-10-07,567690,5,3356970,3364
2021-10-07,749274,11,737674,4022
2021-10-07,619778,14,457657,653
2021-10-07,601470,15,401251,985
2021-10-07,744275,17,257800,48
2021-10-07,738652,18,150086,425
2021-10-07,643532,19,100120,389
2021-10-07,858385,28,28098,68
2021-10-07,874909,35,14034,9
2021-10-07,653572,38,5287,21
2021-10-07,637014,39,5100,9
2021-10-07,795530,40,5075,11
2021-10-07,863246,41,4173,7
2021-10-07,625169,48,2250,3
2021-10-14,370172,1,75210554,4407
2021-10-14,580489,2,41912054,4225
2021-10-14,566525,4,6274094,2800
2021-10-14,567690,7,1487630,1927
2021-10-14,524369,8,1450000,3181
2021-10-14,744275,14,203707,149
2021-10-14,869724,15,119239,51
2021-10-14,601470,19,77583,125
2021-10-14,738652,20,53955,64
2021-10-14,637014,35,5091,8
2021-10-14,659954,36,4610,10
2021-10-14,795530,37,2847,7
2021-10-14,625169,39,2108,5
2021-10-14,653572,43,291,3
2021-10-14,863246,44,209,2
2021-10-21,370172,2,32944531,4407
2021-10-21,580489,3,21151961,4013
2021-10-21,566525,6,4442973,2300
2021-10-21,567690,11,521935,974
2021-10-21,744275,15,84750,126
2021-10-21,869724,21,38572,24
2021-10-21,601470,22,34987,55
2021-10-21,738652,26,7353,24
2021-10-21,659954,32,3043,8
2021-10-21,637014,34,2175,5
2021-10-21,795530,38,367,2
2021-10-28,438631,1,40100000,4125
2021-10-28,370172,3,17355650,3807
2021-10-28,580489,4,11961927,3513
2021-10-28,566525,8,2706409,1600
2021-10-28,567690,15,154210,489
2021-10-28,744275,20,23570,40
2021-10-28,601470,22,13209,25
2021-10-28,869724,30,7000,24
2021-10-28,637014,37,1750,5
2021-11-04,438631,1,22454930,4125
2021-11-04,370172,2,11460673,3507
2021-11-04,580489,5,7851077,3278
2021-11-04,566525,11,1552666,1115
2021-11-04,567690,18,48115,292
2021-11-04,647581,21,37000,102
2021-11-04,749274,25,22659,54
2021-11-04,601470,26,11927,20
2021-11-04,524369,27,10780,41
2021-11-04,874909,32,4177,3
2021-11-04,637014,39,1629,4
2021-11-11,524434,1,91265255,4090
2021-11-11,438631,2,11300121,3546
2021-11-11,370172,3,8884605,3007
2021-11-11,580489,4,6164555,2640
2021-11-11,585245,5,5580775,3407
2021-11-11,716612,8,3179321,996
2021-11-11,592508,13,2156899,491
2021-11-11,566525,15,923797,440
2021-11-11,863442,18,63119,51
2021-11-11,876987,23,39082,80
2021-11-11,567690,24,36520,220
2021-11-11,869724,36,1996,2
2021-11-11,637014,40,1202,3
2021-11-11,884573,42,552,2
2021-11-18,524434,1,33726908,4090
2021-11-18,585245,2,19832060,3700
2021-11-18,438631,3,7500705,3282
2021-11-18,370172,4,6127114,2867
2021-11-18,580489,5,4992876,2538
2021-11-18,777270,8,2496010,580
2021-11-18,716612,9,2234069,1265
2021-11-18,592508,14,947467,383
2021-11-18,566525,16,297378,335
2021-11-18,848788,17,178848,14
2021-11-18,863442,19,62570,51
2021-11-18,567690,21,48106,175
2021-11-18,811933,23,23980,5
2021-11-18,876987,25,14962,41
2021-11-18,795815,27,8206,2
2021-11-25,425909,1,63314511,4315
2021-11-25,524434,2,17818082,4055
2021-11-25,585245,4,12596384,3628
2021-11-25,614917,5,8073542,3302
2021-11-25,644495,6,7590504,3441
2021-11-25,438631,7,4944986,2467
2021-11-25,370172,8,4390641,2407
2021-11-25,580489,9,4237025,2538
2021-11-25,460458,10,3531339,2803
2021-11-25,777270,12,1513825,1128
2021-11-25,716612,14,1016639,954
2021-11-25,592508,17,362958,215
2021-11-25,821493,22,236984,343
2021-11-25,632617,23,234968,5
2021-11-25,848788,24,189536,15
2021-11-25,779029,25,182713,20
2021-11-25,811933,26,101951,288
2021-11-25,566525,28,68886,120
2021-11-25,811769,30,62376,11
2021-11-25,485432,31,41863,69
2021-11-25,850962,32,35750,233
2021-11-25,863442,34,22657,38
2021-11-25,632311,37,10217,6
2021-11-25,895178,39,6015,22
2021-11-25,876987,43,1077,7
2021-12-02,425909,2,28527083,4315
2021-12-02,644495,3,19277315,3477
2021-12-02,524434,4,9779462,3165
2021-12-02,460458,5,6987408,2803
2021-12-02,585245,6,5919170,3292
2021-12-02,614917,8,4124009,3302
2021-12-02,438631,9,2690573,1266
2021-12-02,370172,10,2243270,1342
2021-12-02,580489,11,1942331,1537
2021-12-02,777270,12,1353155,1128
2021-12-02,718032,14,537798,4
2021-12-02,632617,15,441835,102
2021-12-02,716612,16,314929,346
2021-12-02,811933,21,155093,288
2021-12-02,848788,22,96862,12
2021-12-02,779029,23,92867,16
2021-12-02,592508,24,80452,59
2021-12-02,821493,29,39675,121
2021-12-02,566525,33,20324,65
2021-12-02,485432,36,11458,30
2021-12-02,863442,37,5306,8
2021-12-02,795815,40,1791,4
2021-12-02,895178,42,1257,22
2021-12-02,659954,43,636,1
2021-12-02,632311,46,333,1
2021-12-09,425909,2,13062687,4059
2021-12-09,644495,3,10103553,3477
2021-12-09,524434,5,5527336,3230
2021-12-09,460458,6,3683197,2803
2021-12-09,438631,7,2590613,1217
2021-12-09,585245,8,2455422,3261
2021-12-09,614917,9,1718825,2654
2021-12-09,370172,10,1334140,1342
2021-12-09,580489,11,1323546,1234
2021-12-09,777270,12,851385,1255
2021-12-09,632617,14,750457,565
2021-12-09,718032,16,391390,4
2021-12-09,716612,18,202305,303
2021-12-09,811933,26,52431,116
2021-12-09,848788,27,51577,10
2021-12-09,779029,28,46158,12
2021-12-09,821493,35,10040,30
2021-12-09,485432,40,6315,14
2021-12-09,863442,41,3355,7
2021-12-09,632311,42,1855,1
2021-12-09,795815,44,1518,4
2021-12-09,895178,45,1044,2
2021-12-16,425909,3,8945603,3815
2021-12-16,644495,4,6060493,3407
2021-12-16,524434,5,4289250,3030
2021-12-16,460458,6,2251046,2572
2021-12-16,585245,7,1802214,2840
2021-12-16,438631,9,1275326,948
2021-12-16,580489,10,990081,1003
2021-12-16,370172,11,820829,777
2021-12-16,614917,12,690525,1402
2021-12-16,777270,13,457885,819
2021-12-16,632617,16,305271,569
2021-12-16,718032,18,271819,4
2021-12-16,716612,20,116930,228
2021-12-16,848788,28,30089,9
2021-12-16,779029,32,19831,8
2021-12-16,811933,34,16781,45
2021-12-16,863442,40,2833,7
2021-12-16,821493,43,1489,5
2021-12-16,485432,44,753,4
2021-12-16,632311,47,264,1
2021-12-23,425909,6,5375303,3282
2021-12-23,476669,8,3666844,3180
2021-12-23,644495,9,3208001,1907
2021-12-23,524434,10,1871929,1900
2021-12-23,585245,11,652312,1248
2021-12-23,460458,12,437304,719
2021-12-23,438631,13,402009,315
2021-12-23,580489,14,333702,450
2021-12-23,718032,16,137812,4
2021-12-23,777270,17,135195,207
2021-12-23,614917,18,82664,207
2021-12-23,632617,22,38891,102
2021-12-23,716612,26,22439,40
2021-12-23,916524,29,16890,5
2021-12-23,848788,33,9435,5
2021-12-23,863442,39,696,1
2021-12-23,821493,40,526,5
2021-12-23,779029,42,397,1
2021-12-30,476669,4,11348670,3180
2021-12-30,673309,5,10870624,2813
2021-12-30,718032,8,3748956,786
2021-12-30,501841,9,3567716,2500
2021-12-30,425909,11,2718254,1728
2021-12-30,644495,13,1984822,907
2021-12-30,524434,14,311662,360
2021-12-30,438631,16,128637,111
2021-12-30,585245,17,109019,193
2021-12-30,580489,20,72518,95
2021-12-30,777270,21,69405,77
2021-12-30,632617,23,48277,49
2021-12-30,460458,25,31587,56
2021-12-30,614917,26,27498,50
2021-12-30,811933,29,4750,19
2021-12-30,776511,35,1069,3
2021-12-30,779029,37,316,1
2021-12-30,848788,38,285,1
2022-01-13,476669,4,4545580,3040
2022-01-13,673309,5,3137649,2729
2022-01-13,718032,8,1513536,772
2022-01-13,425909,9,1415124,1501
2022-01-13,644495,11,896064,607
2022-01-13,501841,14,803152,1850
2022-01-13,438631,17,102031,160
2022-01-13,524434,18,80285,130
2022-01-13,777270,20,52020,67
2022-01-13,580489,21,49087,62
2022-01-13,614917,24,20931,55
2022-01-13,632617,26,12536,26
2022-01-13,460458,27,10543,36
2022-01-13,811933,29,4305,9
2022-01-13,776511,34,2036,2
2022-01-20,476669,5,3366400,2510
2022-01-20,673309,6,2440510,2394
2022-01-20,718032,9,1418301,772
2022-01-20,644495,10,1205834,1307
2022-01-20,425909,12,1113290,1202
2022-01-20,580489,13,605753,1435
2022-01-20,501841,16,251629,665
2022-01-20,438631,20,66443,105
2022-01-20,614917,21,65294,282
2022-01-20,777270,22,50215,71
2022-01-20,524434,25,31471,85
2022-01-20,460458,31,6812,23
2022-01-20,776511,36,3517,2
2022-01-20,811933,38,2052,13
2022-01-27,476669,5,2559422,2315
2022-01-27,673309,7,1649680,2164
2022-01-27,718032,10,1022904,772
2022-01-27,644495,11,847384,1007
2022-01-27,425909,13,836358,1061
2022-01-27,580489,19,244593,725
2022-01-27,370172,21,119000,169
2022-01-27,501841,22,115916,304
2022-01-27,438631,24,59048,105
2022-01-27,777270,26,51375,63
2022-01-27,614917,28,28305,142
2022-01-27,460458,31,15575,28
2022-01-27,524434,32,15090,60
2022-01-27,776511,34,12267,12
2022-01-27,811933,45,1306,2
2022-02-03,476669,5,2331655,2415
2022-02-03,673309,7,1525292,2113
2022-02-03,425909,8,958762,1170
2022-02-03,718032,9,952977,786
2022-02-03,644495,12,742893,928
2022-02-03,777270,22,202770,196
2022-02-03,438631,23,157486,248
2022-02-03,501841,27,88602,262
2022-02-03,776511,32,16627,21
2022-02-03,460458,34,13074,44
2022-02-03,614917,35,10739,55
2022-02-03,811933,47,368,2
2022-02-10,476669,6,1692520,1910
2022-02-10,673309,8,996401,1470
2022-02-10,718032,9,990281,786
2022-02-10,425909,13,637607,954
2022-02-10,644495,14,451092,537
2022-02-10,777270,16,337560,920
2022-02-10,438631,30,53732,86
2022-02-10,501841,32,27741,97
2022-02-10,776511,36,13187,20
2022-02-10,614917,37,12516,35
2022-02-10,460458,40,9252,24
2022-02-10,811933,54,342,2
2022-02-10,863442,56,63,1
2022-02-17,718032,9,1656203,1977
2022-02-17,476669,10,666256,900
2022-02-17,777270,12,519040,928
2022-02-17,673309,16,343287,1131
2022-02-17,425909,20,241379,460
2022-02-17,438631,21,239534,678
2022-02-17,644495,26,133353,267
2022-02-17,614917,28,78332,463
2022-02-17,776511,34,23167,20
2022-02-17,460458,47,2707,13
2022-02-17,863442,52,475,2
2022-02-24,718032,12,1039522,1307
2022-02-24,777270,17,322680,737
2022-02-24,476669,20,135381,265
2022-02-24,425909,21,129268,207
2022-02-24,438631,22,128163,222
2022-02-24,673309,24,92406,197
2022-02-24,644495,28,53053,87
2022-02-24,614917,35,30812,151
2022-02-24,776511,41,15918,64
2022-03-03,718032,17,526405,607
2022-03-03,777270,21,194660,664
2022-03-03,425909,25,75458,138
2022-03-03,438631,26,67948,155
2022-03-03,476669,30,47317,100
2022-03-03,644495,31,26696,87
2022-03-03,614917,37,16427,101
2022-03-03,776511,46,4071,16
2022-03-10,718032,16,240379,211
2022-03-10,777270,19,119395,523
2022-03-10,585378,24,46872,24
2022-03-10,425909,25,29204,73
2022-03-10,438631,28,23691,76
2022-03-10,476669,32,12808,40
2022-03-10,782648,33,12678,30
2022-03-10,614917,38,7157,53
2022-03-10,776511,40,4986,8
2022-03-17,673392,8,1860000,800
2022-03-17,860852,13,320100,428
2022-03-17,718032,17,284685,416
2022-03-17,777270,21,150795,591
2022-03-17,821489,28,51391,27
2022-03-17,438631,29,41321,185
2022-03-17,614917,32,28873,168
2022-03-17,776511,41,5311,11
2022-03-17,782648,43,3150,14
2022-03-17,821510,45,2798,6
2022-03-24,760104,4,6068497,2865
2022-03-24,900783,10,1485000,230
2022-03-24,751237,11,1240586,805
2022-03-24,718032,15,278690,507
2022-03-24,714676,16,245953,169
2022-03-24,777270,21,189525,696
2022-03-24,438631,28,72451,416
2022-03-24,614917,30,47881,388
2022-03-24,860852,33,38000,185
2022-03-24,821489,36,21258,25
2022-03-24,632221,49,2694,17
2022-03-24,776511,55,922,4
2022-03-24,782648,60,300,2
2022-03-24,821510,62,110,1
2022-03-31,752623,1,39780572,4253
2022-03-31,579974,3,9500000,1200
2022-03-31,760104,6,3302753,2920
2022-03-31,811631,10,1113005,1525
2022-03-31,545611,13,747080,10
2022-03-31,751237,14,663186,805
2022-03-31,718032,17,170950,462
2022-03-31,777270,21,135630,696
2022-03-31,714676,22,99032,117
2022-03-31,438631,29,54099,460
2022-03-31,614917,31,41228,454
2022-03-31,771536,32,35028,53
2022-03-31,860852,33,26700,20
2022-03-31,869724,39,8334,6
2022-03-31,821489,41,7756,5
2022-03-31,632221,50,2184,6
2022-03-31,776511,56,517,2
2022-04-07,526896,1,46877221,4268
2022-04-07,752623,2,19908587,4283
2022-04-07,579974,4,5000000,1200
2022-04-07,545611,9,1640098,38
2022-04-07,760104,10,1553576,1799
2022-04-07,628900,12,822510,489
2022-04-07,811631,13,458919,1509
2022-04-07,751237,18,167723,338
2022-04-07,718032,23,52363,66
2022-04-07,714676,26,27544,38
2022-04-07,438631,35,12620,36
2022-04-07,771536,37,9679,35
2022-04-07,614917,39,4111,20
2022-04-07,632221,44,2295,4
2022-04-07,869724,46,1992,3
2022-04-07,860852,47,1970,8
2022-04-14,675353,1,89612388,4234
2022-04-14,526896,2,13540910,4268
2022-04-14,752623,3,12386600,3797
2022-04-14,763285,4,11609040,3412
2022-04-14,545611,5,9121763,1250
2022-04-14,760104,12,563524,702
2022-04-14,628900,14,212755,371
2022-04-14,751237,24,29275,105
2022-04-14,811631,25,24540,93
2022-04-14,860852,37,2006,7
2022-04-14,771536,45,333,4
2022-04-14,632221,49,198,1
2022-04-21,675353,2,40992036,4258
2022-04-21,545611,3,10009949,2220
2022-04-21,752623,4,8944150,3430
2022-04-21,526896,6,6509973,3462
2022-04-21,763285,7,5790005,3412
2022-04-21,760104,14,191400,178
2022-04-21,698128,15,185212,157
2022-04-21,751237,24,20255,27
2022-04-21,811631,31,4079,13
2022-04-21,632221,42,558,1
2022-04-28,629542,1,28344400,4008
2022-04-28,675353,2,18971086,3809
2022-04-28,545611,6,8430773,2133
2022-04-28,752623,7,5865003,2828
2022-04-28,526896,9,3029243,2306
2022-04-28,763285,10,2491330,1966
2022-04-28,760104,21,59767,71
2022-04-28,632221,43,1530,4
2022-05-05,629542,1,19458085,4042
2022-05-05,675353,2,14125961,3801
2022-05-05,545611,5,8292936,2213
2022-05-05,752623,7,5004352,2595
2022-05-05,954282,8,4272665,2555
2022-05-05,526896,10,1975416,1726
2022-05-05,763285,11,1526545,1437
2022-05-05,517302,18,169717,190
2022-05-05,760104,30,25792,71
2022-05-12,629542,2,11581625,3839
2022-05-12,675353,3,7447904,3358
2022-05-12,545611,5,5558261,1542
2022-05-12,752623,7,3530564,1897
2022-05-12,954282,9,2011816,2433
2022-05-12,526896,11,768074,1726
2022-05-12,763285,13,381670,424
2022-05-12,517302,31,10696,23
2022-05-19,629542,2,8881265,3788
2022-05-19,675353,3,5912511,3116
2022-05-19,545611,4,5326696,1726
2022-05-19,752623,8,2347195,1675
2022-05-19,954282,12,673634,785
2022-05-19,526896,14,357070,313
2022-05-19,763285,16,301980,279
2022-05-19,517302,43,1702,23
2022-05-26,629542,3,8477525,3705
2022-05-26,675353,4,5557440,2943
2022-05-26,752623,7,2169977,1396
2022-05-26,545611,8,1523203,1576
2022-05-26,954282,16,370928,370
2022-05-26,526896,17,216140,207
2022-05-26,763285,18,208545,201
2022-05-26,963675,29,21348,28
2022-05-26,517302,53,810,3
2022-06-02,629542,5,7208425,2944
2022-06-02,545611,6,4227401,1187
2022-06-02,675353,7,3924797,2329
2022-06-02,752623,8,2695149,1027
2022-06-02,526896,26,44342,83
2022-06-09,629542,5,5326120,2872
2022-06-09,545611,6,3219527,1434
2022-06-09,675353,7,2582561,2092
2022-06-09,743563,8,1770000,465
2022-06-09,752623,9,1769184,811
2022-06-09,807356,11,1239787,764
2022-06-09,526896,14,474683,1037
2022-06-09,973531,16,214176,69
2022-06-09,1020225,25,83318,91
2022-06-09,671109,36,14081,2
2022-06-09,1233915,52,2022,1
2022-06-16,507086,1,191136690,4676
2022-06-16,629542,4,3981560,2416
2022-06-16,545611,7,2199985,1434
2022-06-16,675353,8,1122924,1067
2022-06-16,752623,10,706233,353
2022-06-16,807356,13,536706,656
2022-06-16,973531,19,110733,64
2022-06-16,1020225,20,80263,1241
2022-06-16,526896,21,65231,75
2022-06-16,671109,27,33753,28
2022-06-16,846867,32,15113,2
2022-06-23,507086,1,85199130,4697
2022-06-23,718789,2,71101257,4255
2022-06-23,629542,6,1789020,1477
2022-06-23,545611,7,1594545,679
2022-06-23,675353,9,384300,439
2022-06-23,913814,10,343890,279
2022-06-23,752623,11,236463,135
2022-06-23,807356,15,134313,129
2022-06-23,880841,18,96761,54
2022-06-23,615173,20,79011,12
2022-06-23,973531,21,75281,41
2022-06-23,846867,22,69725,26
2022-06-23,671109,23,42453,31
2022-06-23,693841,28,30190,170
2022-06-23,1020225,30,25216,56
2022-06-23,869624,35,15702,23
2022-06-23,526896,42,7227,24
2022-06-30,614934,1,48320011,3906
2022-06-30,507086,3,39829115,4233
2022-06-30,756999,4,35164325,3150
2022-06-30,718789,5,27687406,4255
2022-06-30,545611,7,908083,524
2022-06-30,629542,8,807310,1033
2022-06-30,869626,13,223012,6
2022-06-30,675353,14,174610,234
2022-06-30,913814,15,86745,279
2022-06-30,846867,18,48231,27
2022-06-30,973531,19,44230,30
2022-06-30,615173,22,37061,8
2022-06-30,807356,23,36378,56
2022-06-30,671109,24,29727,42
2022-06-30,848818,33,8150,19
2022-06-30,859324,34,6574,3
2022-06-30,1020225,35,5971,22
2022-06-30,869624,36,5188,11
2022-06-30,693841,46,991,21
2022-07-07,438148,1,164528580,4391
2022-07-07,614934,3,31802691,3932
2022-07-07,507086,4,25750895,3801
2022-07-07,756999,5,19488085,3156
2022-07-07,718789,6,10633537,3800
2022-07-07,545611,8,928376,607
2022-07-07,869626,10,400404,22
2022-07-07,629542,14,282640,535
2022-07-07,675353,18,64386,114
2022-07-07,846867,19,63668,37
2022-07-07,615173,24,23875,8
2022-07-07,671109,26,19204,33
2022-07-07,973531,28,18165,16
2022-07-07,807356,32,9547,12
2022-07-07,859324,37,4818,20
2022-07-07,1020225,43,3126,4
2022-07-07,848818,45,1995,6
2022-07-07,869624,46,1967,3
2022-07-14,438148,2,72038925,4427
2022-07-14,614934,4,18477709,3714
2022-07-14,507086,5,12843170,3251
2022-07-14,756999,6,12083765,2559
2022-07-14,718789,7,4776550,2090
2022-07-14,869626,8,497031,48
2022-07-14,545611,10,391951,286
2022-07-14,629542,11,330785,318
2022-07-14,846867,22,32729,26
2022-07-14,671109,30,10371,23
2022-07-14,973531,32,9440,4
2022-07-14,848818,34,6538,17
2022-07-14,807356,36,4476,5
2022-07-14,869624,37,4361,6
2022-07-14,859324,42,3060,17
2022-07-14,1020225,45,1827,4
2022-07-21,438148,2,43579085,4114
2022-07-21,614934,5,13475862,3305
2022-07-21,756999,7,8368725,2277
2022-07-21,507086,8,7792635,2660
2022-07-21,718789,10,2236778,1350
2022-07-21,869626,11,907027,153
2022-07-21,545611,12,241071,170
2022-07-21,629542,14,159985,275
2022-07-21,846867,29,18545,19
2022-07-21,973531,34,8215,8
2022-07-21,671109,39,4025,7
2022-07-21,848818,44,2124,9
2022-07-21,1020225,48,1372,6
2022-07-21,869624,55,476,2
2022-07-28,438148,3,29384035,3816
2022-07-28,614934,6,11094434,3105
2022-07-28,756999,8,5514345,2055
2022-07-28,507086,9,4861210,2167
2022-07-28,869626,11,1471471,590
2022-07-28,718789,12,1155182,830
2022-07-28,545611,14,173889,170
2022-07-28,629542,19,42535,268
2022-07-28,846867,23,26694,21
2022-07-28,671109,37,4537,6
2022-07-28,848818,56,415,5
2022-07-28,869624,57,405,2
2022-08-04,438148,4,17937060,3579
2022-08-04,614934,7,9346034,2901
2022-08-04,756999,8,3818290,1638
2022-08-04,507086,9,3259185,1747
2022-08-04,545611,13,1165837,1490
2022-08-04,869626,14,1096249,821
2022-08-04,718789,15,424442,470
2022-08-04,629542,19,42160,173
2022-08-04,846867,23,16575,16
2022-08-04,671109,39,2359,5
2022-08-11,438148,5,11342610,3188
2022-08-11,614934,9,6188904,2411
2022-08-11,756999,10,2280905,1197
2022-08-11,507086,11,1771720,1232
2022-08-11,869626,14,594976,498
2022-08-11,545611,18,250648,347
2022-08-11,718789,20,150277,280
2022-08-11,846867,28,15526,14
2022-08-11,671109,43,1743,2
2022-08-18,438148,6,7706695,3068
2022-08-18,614934,9,4165320,2211
2022-08-18,756999,15,1445045,926
2022-08-18,507086,17,929745,880
2022-08-18,869626,20,325366,276
2022-08-18,545611,25,116882,111
2022-08-18,718789,28,75146,110
2022-08-18,846867,42,4573,9
2022-08-18,671109,58,1322,4
2022-08-25,1089163,2,15190985,3743
2022-08-25,438148,7,5523645,2654
2022-08-25,614934,11,2998790,1741
2022-08-25,756999,15,767810,649
2022-08-25,507086,17,710195,742
2022-08-25,869626,22,250248,202
2022-08-25,545611,27,62253,72
2022-08-25,718789,28,39559,55
2022-08-25,846867,42,4956,8
2022-08-25,671109,50,1486,4
2022-09-01,1089163,4,6588590,3754
2022-09-01,438148,8,3696430,2494
2022-09-01,614934,12,2180563,1843
2022-09-01,507086,17,987085,1521
2022-09-01,756999,20,381545,391
2022-09-01,869626,24,162068,169
2022-09-01,545611,30,46345,39
2022-09-01,718789,36,14755,45
2022-09-01,846867,49,2316,5
2022-09-01,671109,59,336,2
2022-09-08,1089163,6,5796205,3217
2022-09-08,438148,7,4944350,2457
2022-09-08,848331,14,2034225,1882
2022-09-08,614934,15,1737175,1431
2022-09-08,829503,16,1551935,1184
2022-09-08,507086,22,631355,770
2022-09-08,756999,24,338005,253
2022-09-08,869626,27,178845,161
2022-09-08,545611,31,67754,46
2022-09-08,718789,41,12299,40
2022-09-08,715370,45,6561,24
2022-09-08,846867,51,2513,6
2022-09-08,671109,65,134,1
2022-09-15,913290,1,14615433,2340
2022-09-15,975407,5,3589809,1531
2022-09-15,1089163,8,2370380,2793
2022-09-15,438148,9,2098125,2274
2022-09-15,551271,15,1148993,1311
2022-09-15,614934,18,683723,1104
2022-09-15,829503,19,560052,1220
2022-09-15,848331,20,527045,1870
2022-09-15,507086,25,211330,448
2022-09-15,756999,27,139955,185
2022-09-15,869626,28,126331,161
2022-09-15,994318,32,85403,445
2022-09-15,891023,34,60453,63
2022-09-15,545611,36,43251,46
2022-09-15,1022785,39,21576,15
2022-09-15,828613,49,8688,13
2022-09-15,671109,63,1427,2
2022-09-15,715370,64,1225,10
2022-09-15,846867,66,942,3
2022-09-22,724495,1,25153724,3765
2022-09-22,913290,2,9014828,2340
2022-09-22,949423,3,4732700,2935
2022-09-22,766475,4,4205039,2404
2022-09-22,438148,9,1727690,1970
2022-09-22,957457,10,1678526,170
2022-09-22,717728,12,1202013,996
2022-09-22,1089163,13,1105640,1664
2022-09-22,975407,14,1085654,1052
2022-09-22,635891,16,971512,0
2022-09-22,942624,17,804028,1080
2022-09-22,724665,21,413765,516
2022-09-22,879990,22,409494,785
2022-09-22,614934,23,331486,612
2022-09-22,551271,27,225332,859
2022-09-22,812025,30,153655,279
2022-09-22,829503,33,102733,304
2022-09-22,756999,34,96430,125
2022-09-22,507086,35,95620,205
2022-09-22,869626,38,47478,116
2022-09-22,545611,43,24037,43
2022-09-22,921629,44,16714,2
2022-09-22,1023189,52,2855,1
2022-09-22,987123,54,2672,2
2022-09-22,1022785,56,2191,7
2022-09-22,994318,66,800,20
2022-09-22,846867,69,513,2
2022-09-22,715370,73,338,1
2022-09-29,619730,1,25504643,4113
2022-09-29,724495,2,14559432,3765
2022-09-29,913290,4,6660019,2890
2022-09-29,949423,5,2798629,2982
2022-09-29,766475,6,2734017,2502
2022-09-29,438148,11,1377855,1642
2022-09-29,957457,12,1287317,733
2022-09-29,1011098,13,643828,811
2022-09-29,717728,16,507806,461
2022-09-29,1089163,17,483090,750
2022-09-29,772071,20,360896,315
2022-09-29,942624,21,355914,697
2022-09-29,975407,22,345651,511
2022-09-29,635891,25,227573,0
2022-09-29,655322,26,214329,603
2022-09-29,614934,28,142902,262
2022-09-29,891023,29,133765,59
2022-09-29,724665,31,125077,242
2022-09-29,879990,32,72898,320
2022-09-29,812025,34,51480,279
2022-09-29,829503,38,39746,135
2022-09-29,869626,39,34948,25
2022-09-29,945778,40,32643,19
2022-09-29,911988,41,30310,8
2022-09-29,545611,43,24907,28
2022-09-29,921629,48,8258,3
2022-09-29,865368,54,3927,6
2022-09-29,846867,66,875,3
2022-09-29,1023189,72,387,1
2022-09-29,1022785,73,380,1
2022-10-06,882598,1,32294662,3645
2022-10-06,619730,2,9471092,4121
2022-10-06,724495,3,9116483,3504
2022-10-06,614939,5,6744410,3350
2022-10-06,913290,6,4059923,2720
2022-10-06,660046,7,4018000,500
2022-10-06,766475,11,1459155,1650
2022-10-06,851783,12,1312074,558
2022-10-06,438148,13,1284095,1414
2022-10-06,633657,14,1234043,1061
2022-10-06,949423,15,1108121,1638
2022-10-06,957457,16,682362,690
2022-10-06,635891,19,359650,0
2022-10-06,1026649,20,354400,235
2022-10-06,1089163,22,214990,408
2022-10-06,942624,24,165543,377
2022-10-06,772071,25,132490,188
2022-10-06,975407,27,96132,501
2022-10-06,614934,31,71930,133
2022-10-06,911988,33,34596,75
2022-10-06,655322,36,21824,145
2022-10-06,869626,38,18248,21
2022-10-06,829503,40,13976,56
2022-10-06,891023,43,11388,28
2022-10-06,973488,44,10315,74
2022-10-06,879990,48,8711,38
2022-10-06,545611,49,8209,28
2022-10-06,921629,54,4364,12
2022-10-06,671109,58,2713,4
2022-10-06,846867,73,157,1
2022-10-13,882598,1,26473237,3659
2022-10-13,664469,3,9068234,3005
2022-10-13,724495,4,7216578,3342
2022-10-13,619730,5,5242719,3324
2022-10-13,913290,7,3200574,2160
2022-10-13,614939,8,3171325,3356
2022-10-13,438148,13,767120,1031
2022-10-13,766475,15,612209,775
2022-10-13,633657,16,604489,989
2022-10-13,949423,17,472082,588
2022-10-13,497828,18,320475,10
2022-10-13,717728,19,304116,273
2022-10-13,957457,20,280510,290
2022-10-13,851783,21,277288,232
2022-10-13,660046,22,264000,500
2022-10-13,817758,23,224846,4
2022-10-13,635891,24,158923,0
2022-10-13,1089163,28,96650,150
2022-10-13,942624,29,82511,217
2022-10-13,772071,31,56530,59
2022-10-13,975407,33,45650,105
2022-10-13,1026649,35,41600,98
2022-10-13,614934,38,22514,64
2022-10-13,829503,43,7081,20
2022-10-13,891023,45,6346,17
2022-10-13,911988,54,3586,12
2022-10-13,879990,55,1800,12
2022-10-13,846867,59,1082,2
2022-10-20,882598,2,17191862,3612
2022-10-20,724495,4,4909871,2565
2022-10-20,664469,5,4037331,3005
2022-10-20,619730,6,3174168,2734
2022-10-20,913290,7,2006410,1805
2022-10-20,614939,9,1345330,2201
2022-10-20,438148,11,622320,1215
2022-10-20,497828,13,499400,31
2022-10-20,817758,14,480435,36
2022-10-20,766475,16,401016,525
2022-10-20,635891,18,329910,0
2022-10-20,633657,20,283748,385
2022-10-20,949423,21,206988,263
2022-10-20,957457,22,182756,198
2022-10-20,942624,25,56015,142
2022-10-20,772071,27,28783,34
2022-10-20,975407,29,17641,58
2022-10-20,973488,32,8640,74
2022-10-20,891023,36,5079,12
2022-10-20,911988,37,4249,4
2022-10-20,829503,39,3315,11
2022-10-20,1026649,40,3270,15
2022-10-20,671109,42,2713,2
2022-10-20,879990,55,776,4
2022-10-20,846867,57,156,2
2022-10-27,800939,2,23731570,3543
2022-10-27,882598,3,11377469,3296
2022-10-27,724495,6,2518152,1858
2022-10-27,664469,8,1257219,1750
2022-10-27,619730,9,1197690,1306
2022-10-27,497828,10,912341,280
2022-10-27,913290,11,787423,785
2022-10-27,817758,12,762542,141
2022-10-27,614939,15,316645,632
2022-10-27,438148,16,307370,765
2022-10-27,635891,17,268331,0
2022-10-27,766475,21,135106,280
2022-10-27,949423,24,74422,99
2022-10-27,957457,25,68839,86
2022-10-27,633657,26,60724,132
2022-10-27,942624,29,14940,56
2022-10-27,772071,35,6836,13
2022-10-27,973488,37,3365,74
2022-10-27,829503,39,1976,8
2022-10-27,911988,41,1927,4
2022-10-27,891023,50,1163,0
2022-10-27,671109,57,175,1
2022-10-27,1026649,60,100,5
2022-10-27,846867,61,87,1
2022-11-03,800939,2,14492550,3692
2022-11-03,882598,4,7769845,3221
2022-11-03,817758,9,1603005,1087
2022-11-03,724495,10,1545127,1446
2022-11-03,497828,12,888943,610
2022-11-03,619730,14,413510,576
2022-11-03,664469,16,329688,535
2022-11-03,629542,17,313160,1478
2022-11-03,913290,18,312665,465
2022-11-03,438148,20,190455,531
2022-11-03,635891,21,122241,0
2022-11-03,614939,25,50455,101
2022-11-03,766475,26,39695,160
2022-11-03,949423,28,30503,49
2022-11-03,957457,31,19999,52
2022-11-03,633657,34,14448,33
2022-11-03,942624,37,8652,22
2022-11-03,1179899,38,7505,1
2022-11-03,772071,43,2493,6
2022-11-03,973488,46,1974,74
2022-11-03,911988,50,1185,4
2022-11-03,891023,59,126,0
2022-11-03,846867,61,66,2
2022-11-10,800939,2,12188325,4066
2022-11-10,882598,4,5339442,3046
2022-11-10,724495,11,1208160,1075
2022-11-10,817758,13,1109645,1090
2022-11-10,497828,15,647678,487
2022-11-10,635891,16,335024,0
2022-11-10,619730,17,216424,267
2022-11-10,438148,18,204565,442
2022-11-10,664469,21,161705,370
2022-11-10,629542,22,151540,564
2022-11-10,913290,23,101628,160
2022-11-10,942624,30,17361,17
2022-11-10,633657,32,12194,25
2022-11-10,973488,35,7153,74
2022-11-10,1179899,37,6163,1
2022-11-10,891023,43,2861,0
2022-11-10,671109,49,1142,1
2022-11-10,911988,55,410,1
2022-11-17,505642,1,220692647,4396
2022-11-17,800939,3,7943790,3640
2022-11-17,882598,5,2982879,2271
2022-11-17,817758,10,560990,368
2022-11-17,497828,12,377584,184
2022-11-17,724495,13,375394,513
2022-11-17,635891,15,227952,5
2022-11-17,804095,16,219922,4
2022-11-17,900222,20,137000,200
2022-11-17,438148,21,115635,217
2022-11-17,664469,22,67957,170
2022-11-17,619730,23,64447,116
2022-11-17,629542,25,55490,128
2022-11-17,913290,26,54927,45
2022-11-17,973488,30,11719,74
2022-11-17,1179899,36,4991,1
2022-11-17,633657,37,4845,17
2022-11-17,942624,38,3733,8
2022-11-17,671109,49,986,1
2022-11-17,911988,51,499,1
2022-11-17,891023,54,135,0
2022-11-24,505642,1,101194901,4396
2022-11-24,593643,2,13465649,3228
2022-11-24,877269,5,6703772,4174
2022-11-24,800939,6,4867155,3268
2022-11-24,837881,8,3193130,2023
2022-11-24,653851,9,3101267,3405
2022-11-24,882598,11,1614814,1569
2022-11-24,791177,12,1504537,2727
2022-11-24,804095,15,982204,638
2022-11-24,817758,17,268285,205
2022-11-24,497828,18,239362,128
2022-11-24,724495,19,236007,525
2022-11-24,438148,21,123565,186
2022-11-24,837938,23,84800,32
2022-11-24,635891,25,51857,2
2022-11-24,785398,29,33852,2
2022-11-24,913290,30,29114,35
2022-11-24,664469,31,25835,160
2022-11-24,619730,32,20947,53
2022-11-24,876327,33,18757,4
2022-11-24,934293,34,13680,24
2022-11-24,948212,36,9448,1
2022-11-24,1004663,37,9379,3
2022-11-24,633657,41,5269,13
2022-11-24,965233,42,4987,5
2022-11-24,973488,44,3586,74
2022-11-24,942624,45,3283,6
2022-11-24,1179899,51,797,1
2022-11-24,891023,52,711,0
2022-11-24,671109,53,631,1
2022-12-01,505642,1,54243529,4290
2022-12-01,877269,2,13894964,4174
2022-12-01,653851,4,7898740,3405
2022-12-01,593643,5,7703083,3228
2022-12-01,791177,7,3345197,2727
2022-12-01,804095,8,3063320,638
2022-12-01,800939,9,2450785,2238
2022-12-01,837881,11,1704500,2023
2022-12-01,882598,14,530763,594
2022-12-01,724495,17,218594,525
2022-12-01,817758,18,153715,100
2022-12-01,497828,19,148423,77
2022-12-01,837938,21,100272,32
2022-12-01,1004663,23,42815,3
2022-12-01,913689,29,5999,1
2022-12-01,934293,30,5211,12
2022-12-01,973488,32,4492,74
2022-12-01,948212,33,4475,2
2022-12-01,619730,34,3763,24
2022-12-01,965233,36,2585,2
2022-12-01,891023,46,354,0
2022-12-01,635891,49,95,1
2022-12-08,505642,1,22579701,3855
2022-12-08,899112,2,17994315,3682
2022-12-08,877269,3,6254956,4174
2022-12-08,593643,4,5159026,2810
2022-12-08,653851,5,3972412,3405
2022-12-08,804095,8,1884520,638
2022-12-08,791177,9,1853771,2727
2022-12-08,800939,10,1240030,1715
2022-12-08,837881,12,619385,1117
2022-12-08,882598,21,216721,366
2022-12-08,817758,22,142195,97
2022-12-08,837938,23,138510,138
2022-12-08,635891,27,65884,2
2022-12-08,724495,28,64526,168
2022-12-08,1004663,29,58014,10
2022-12-08,785398,30,46506,6
2022-12-08,973488,38,12195,74
2022-12-08,913689,39,9276,8
2022-12-08,965233,52,1122,2
2022-12-08,934293,54,671,2
2022-12-08,948212,57,417,1
2022-12-08,891023,59,210,0
2022-12-15,505642,1,14880407,3725
2022-12-15,899112,2,11967770,3723
2022-12-15,877269,3,4724368,3560
2022-12-15,593643,4,4094741,2710
2022-12-15,653851,5,2863535,3458
2022-12-15,804095,6,1765960,973
2022-12-15,791177,9,950368,1707
2022-12-15,800939,11,856930,1394
2022-12-15,837881,19,256160,478
2022-12-15,882598,24,143354,278
2022-12-15,817758,25,107655,80
2022-12-15,785398,29,74682,14
2022-12-15,1004663,30,73418,35
2022-12-15,837938,31,62045,144
2022-12-15,724495,33,37560,80
2022-12-15,973488,36,18684,74
2022-12-15,913689,43,4917,8
2022-12-15,934293,49,1134,2
2022-12-15,1179899,51,1053,1
2022-12-15,948212,56,146,1
2022-12-22,505642,2,9064216,3380
2022-12-22,899112,3,8506375,3528
2022-12-22,877269,5,3611182,2870
2022-12-22,593643,6,2757344,1875
2022-12-22,804095,8,1258530,955
2022-12-22,653851,9,1247121,2211
2022-12-22,800939,15,267435,531
2022-12-22,791177,17,181034,217
2022-12-22,817758,21,75220,63
2022-12-22,1004663,22,57054,48
2022-12-22,837881,23,52820,121
2022-12-22,497828,26,42298,25
2022-12-22,724495,28,12878,42
2022-12-22,973488,32,3555,74
2022-12-22,913689,35,2683,8
2022-12-22,1179899,36,2499,3
2022-12-22,948212,45,536,1
2022-12-29,696157,3,10596629,3625
2022-12-29,505642,4,10490252,2250
2022-12-29,615777,5,7409502,3343
2022-12-29,899112,6,6921835,2562
2022-12-29,804095,8,1900764,1122
2022-12-29,593643,9,1879056,840
2022-12-29,877269,10,1302048,1390
2022-12-29,507086,11,842000,0
2022-12-29,653851,12,548308,427
2022-12-29,763285,13,472000,0
2022-12-29,756999,16,236000,0
2022-12-29,438148,17,195000,0
2022-12-29,800939,22,114660,105
2022-12-29,777245,23,106520,8
2022-12-29,785398,25,102394,36
2022-12-29,817758,27,60227,36
2022-12-29,1004663,33,34271,25
2022-12-29,497828,34,29473,14
2022-12-29,724495,41,4354,16
2022-12-29,913689,45,302,1
2022-12-29,973488,46,255,74
2022-12-29,948212,47,96,1
2023-01-05,1215629,43,14756,16
2023-01-12,536554,2,38533510,3509
2023-01-12,937278,4,6137646,637
2023-01-12,505642,5,4872756,2255
2023-01-12,696157,6,3429996,3184
2023-01-12,615777,8,2113783,2381
2023-01-12,593643,9,964047,780
2023-01-12,804095,10,925735,998
2023-01-12,899112,11,918270,1981
2023-01-12,877269,14,256260,575
2023-01-12,653851,15,231881,292
2023-01-12,777245,16,216362,29
2023-01-12,817758,19,91090,52
2023-01-12,497828,25,32402,14
2023-01-12,965405,26,27688,4
2023-01-12,1004663,27,26811,24
2023-01-12,724495,36,2423,10
2023-01-12,913689,37,1594,3
2023-01-12,973488,40,683,74
2023-01-12,948212,41,191,1
2023-01-19,536554,2,24954000,3605
2023-01-19,937278,4,20123123,3802
2023-01-19,505642,7,3568380,1910
2023-01-19,696157,9,1775671,2205
2023-01-19,804095,11,851870,808
2023-01-19,615777,12,804429,678
2023-01-19,593643,15,407209,350
2023-01-19,777245,16,329542,61
2023-01-19,877269,18,164513,610
2023-01-19,724495,21,132781,843
2023-01-19,817758,23,122870,60
2023-01-19,925943,24,116860,245
2023-01-19,653851,25,97964,167
2023-01-19,785398,26,96717,70
2023-01-19,899112,27,96710,362
2023-01-19,965405,32,31635,4
2023-01-19,1004663,34,24746,16
2023-01-19,497828,35,22376,15
2023-01-19,973488,41,2862,74
2023-01-19,948212,43,2077,1
2023-01-19,891023,45,1684,0
2023-01-19,913689,50,293,1
2023-01-26,937278,3,12956615,3802
2023-01-26,536554,4,12416215,3628
2023-01-26,505642,10,1793141,1525
2023-01-26,876792,11,1588491,1473
2023-01-26,804095,12,717535,947
2023-01-26,696157,13,695217,1308
2023-01-26,777245,15,638203,154
2023-01-26,615777,18,339349,289
2023-01-26,593643,22,145231,195
2023-01-26,817758,25,123435,106
2023-01-26,850028,26,101000,65
2023-01-26,785398,27,87067,80
2023-01-26,925943,30,47061,25
2023-01-26,877269,31,46225,170
2023-01-26,965405,32,44885,15
2023-01-26,653851,33,35631,88
2023-01-26,1004663,36,27455,24
2023-01-26,497828,38,19893,12
2023-01-26,724495,42,12127,54
2023-01-26,948212,46,3681,1
2023-01-26,899112,49,2815,90
2023-01-26,891023,54,823,0
2023-01-26,973488,59,155,74
2023-02-02,937278,3,9525539,3957
2023-02-02,536554,5,7893650,3416
2023-02-02,777245,12,1489339,707
2023-02-02,545611,13,1477546,1400
2023-02-02,804095,16,1113495,1962
2023-02-02,505642,17,977707,1030
2023-02-02,696157,22,321403,1205
2023-02-02,817758,23,269185,537
2023-02-02,497828,27,76571,170
2023-02-02,785398,29,66679,64
2023-02-02,593643,31,41688,60
2023-02-02,965405,32,40516,20
2023-02-02,1004663,33,30561,26
2023-02-02,925943,34,28552,12
2023-02-02,899112,36,22580,75
2023-02-02,877269,38,19577,60
2023-02-02,653851,42,13698,46
2023-02-02,1179899,46,5224,2
2023-02-02,973488,56,2307,74
2023-02-02,948212,59,822,1
2023-02-02,891023,63,21,0
2023-02-09,937278,6,5952071,3407
2023-02-09,536554,7,4760175,2835
2023-02-09,777245,14,873167,707
2023-02-09,545611,16,726543,935
2023-02-09,804095,20,437380,1054
2023-02-09,505642,23,294779,430
2023-02-09,817758,28,159055,439
2023-02-09,497828,29,78122,179
2023-02-09,696157,30,77206,370
2023-02-09,785398,33,60178,63
2023-02-09,899112,34,38265,71
2023-02-09,965405,35,28599,15
2023-02-09,925943,37,21480,16
2023-02-09,1004663,38,21262,28
2023-02-09,913689,55,1350,3
2023-02-09,973488,57,924,74
2023-02-09,1179899,60,703,1
2023-02-09,948212,61,584,1
2023-02-09,891023,63,225,0
2023-02-16,937278,7,4241730,2824
2023-02-16,536554,9,3548465,2508
2023-02-16,777245,16,496771,487
2023-02-16,545611,17,464948,636
2023-02-16,804095,22,241305,718
2023-02-16,505642,25,124615,200
2023-02-16,817758,29,99215,293
2023-02-16,497828,30,74132,195
2023-02-16,785398,31,62899,63
2023-02-16,965405,33,36535,34
2023-02-16,1004663,36,23043,32
2023-02-16,899112,38,21660,56
2023-02-16,696157,41,18750,91
2023-02-16,1179899,55,1147,2
2023-02-16,948212,58,783,1
2023-02-16,973488,66,269,74
2023-02-16,913689,68,179,2
2023-02-16,891023,69,70,0
2023-02-23,937278,10,2409256,1725
2023-02-23,536554,11,1850950,1389
2023-02-23,777245,19,378908,487
2023-02-23,545611,24,231528,390
2023-02-23,804095,26,84015,329
2023-02-23,817758,28,74830,254
2023-02-23,696157,29,70498,34
2023-02-23,505642,32,57640,75
2023-02-23,785398,36,38747,37
2023-02-23,497828,40,32210,162
2023-02-23,965405,43,21580,19
2023-02-23,1004663,44,12380,17
2023-02-23,899112,45,11540,48
2023-02-23,973488,52,5756,74
2023-03-02,937278,10,1210843,1118
2023-03-02,536554,14,702620,738
2023-03-02,777245,19,258833,227
2023-03-02,545611,24,181295,309
2023-03-02,899112,25,180710,61
2023-03-02,505642,32,78947,230
2023-03-02,804095,36,52950,316
2023-03-02,817758,37,48290,236
2023-03-02,973488,42,33241,101
2023-03-02,765904,44,26987,13
2023-03-02,497828,45,26071,190
2023-03-02,785398,46,20537,17
2023-03-02,696157,47,15846,28
2023-03-02,965405,49,15125,18
2023-03-02,1004663,51,10125,15
2023-03-02,948212,60,3733,1
2023-03-09,677179,1,74185274,4007
2023-03-09,937278,11,1045783,1503
2023-03-09,545611,15,345749,636
2023-03-09,777245,18,315596,227
2023-03-09,611359,19,302496,375
2023-03-09,536554,21,293960,442
2023-03-09,804095,32,84105,591
2023-03-09,817758,33,82395,444
2023-03-09,497828,36,58565,410
2023-03-09,899112,41,25380,49
2023-03-09,765904,44,19584,17
2023-03-09,785398,45,16829,23
2023-03-09,505642,46,16148,40
2023-03-09,965405,47,13601,23
2023-03-09,973488,49,12634,102
2023-03-09,1004663,50,11339,16
2023-03-09,696157,57,4771,11
2023-03-09,948212,61,2673,1
2023-03-09,913689,71,542,1
2023-03-16,934433,1,58529284,3675
2023-03-16,677179,2,38141862,4007
2023-03-16,700391,3,16627395,3405
2023-03-16,933419,7,7559905,3030
2023-03-16,611359,12,1416463,400
2023-03-16,1081021,13,930454,763
2023-03-16,545611,14,898092,584
2023-03-16,937278,18,324931,347
2023-03-16,822300,19,275101,600
2023-03-16,777245,20,262771,527
2023-03-16,536554,29,89805,148
2023-03-16,804095,30,71585,567
2023-03-16,817758,32,63205,185
2023-03-16,497828,36,37710,514
2023-03-16,965405,39,17286,28
2023-03-16,785398,42,12199,15
2023-03-16,765904,44,11584,10
2023-03-16,705009,48,6725,1
2023-03-16,899112,50,5970,33
2023-03-16,505642,52,5331,30
2023-03-16,913420,53,4708,5
2023-03-16,1004663,55,3555,12
2023-03-16,973488,61,2551,102
2023-03-16,948212,70,410,1
2023-03-23,594767,1,36606765,4071
2023-03-23,934433,2,22963426,3676
2023-03-23,677179,3,20192657,3477
2023-03-23,700391,4,7956705,3405
2023-03-23,933419,8,4463030,3039
2023-03-23,545611,11,1896779,1633
2023-03-23,953365,12,1352508,794
2023-03-23,958196,14,699965,357
2023-03-23,611359,15,542360,192
2023-03-23,937278,19,154458,175
2023-03-23,899112,33,13225,29
2023-03-23,822300,34,12567,45
2023-03-23,765904,36,10691,11
2023-03-23,965405,37,9718,15
2023-03-23,1087095,46,4967,9
2023-03-23,785398,47,4487,18
2023-03-23,705009,55,1246,1
2023-03-23,973488,56,934,0
2023-03-23,913420,59,560,4
2023-03-23,948212,62,241,1
2023-03-30,603692,1,94668306,3855
2023-03-30,594767,2,12266284,4071
2023-03-30,934433,3,11435355,3355
2023-03-30,677179,4,11052910,3207
2023-03-30,700391,5,4416872,2786
2023-03-30,933419,9,2228870,1917
2023-03-30,800787,12,1241240,530
2023-03-30,545611,14,621316,607
2023-03-30,953365,15,614253,771
2023-03-30,958196,18,197225,357
2023-03-30,611359,19,196097,83
2023-03-30,868985,21,113423,90
2023-03-30,937278,25,61344,69
2023-03-30,916738,27,18083,1
2023-03-30,899112,31,13910,27
2023-03-30,990293,33,10513,2
2023-03-30,765904,35,8650,7
2023-03-30,965405,36,8405,13
2023-03-30,822300,45,5029,10
2023-03-30,1179899,47,3289,1
2023-03-30,785398,53,2348,6
2023-03-30,948212,57,1285,1
2023-03-30,973488,63,538,0
2023-03-30,913689,65,195,1
2023-04-06,493529,2,47777540,3855
2023-04-06,603692,3,37798493,3855
2023-04-06,761851,4,7794046,1920
2023-04-06,934433,5,7603335,3016
2023-04-06,677179,6,6884067,3207
2023-04-06,594767,7,6130369,3451
2023-04-06,855263,10,2360150,926
2023-04-06,700391,11,2092950,2113
2023-04-06,933419,16,947325,1121
2023-04-06,800787,17,755384,687
2023-04-06,545611,21,227020,253
2023-04-06,1094403,23,221738,249
2023-04-06,953365,26,105583,134
2023-04-06,611359,29,46188,29
2023-04-06,868985,31,42925,62
2023-04-06,937278,35,26949,54
2023-04-06,916738,39,14108,2
2023-04-06,990293,40,13940,3
2023-04-06,899112,42,7395,25
2023-04-06,765904,46,5986,5
2023-04-06,965405,54,2065,8
2023-04-06,948212,65,942,1
2023-04-06,822300,67,799,2
2023-04-06,1179899,69,417,1
2023-04-06,973488,71,124,0
2023-04-13,603692,3,19720906,3607
2023-04-13,493529,4,18942673,3856
2023-04-13,934433,5,4806452,2286
2023-04-13,677179,6,3766047,2002
2023-04-13,761851,7,3511522,1930
2023-04-13,594767,8,2153685,2203
2023-04-13,1081021,9,1570120,1047
2023-04-13,855263,11,866170,926
2023-04-13,700391,14,622285,815
2023-04-13,933419,15,571180,427
2023-04-13,800787,22,177925,337
2023-04-13,545611,26,90060,129
2023-04-13,953365,33,25261,34
2023-04-13,916738,34,18729,5
2023-04-13,937278,35,11889,34
2023-04-13,965405,39,8369,12
2023-04-13,868985,42,4874,6
2023-04-13,899112,50,2595,25
2023-04-13,765904,54,1430,3
2023-04-13,973488,57,1300,0
2023-04-13,913689,63,261,1
2023-04-13,1179899,64,175,1
2023-04-20,603692,3,10942549,3033
2023-04-20,493529,6,10067032,3324
2023-04-20,934433,9,1905920,1288
2023-04-20,677179,11,1327681,1152
2023-04-20,761851,12,821051,1037
2023-04-20,594767,15,371231,412
2023-04-20,933419,16,339660,183
2023-04-20,700391,21,184024,165
2023-04-20,855263,24,125805,130
2023-04-20,800787,32,35916,47
2023-04-20,953365,35,15660,26
2023-04-20,965405,41,7655,11
2023-04-20,899112,46,3975,21
2023-04-20,916738,48,3643,3
2023-04-20,765904,50,2874,7
2023-04-20,973488,51,2784,110
2023-04-20,913689,57,1436,1
2023-04-20,948212,61,1029,1
2023-04-27,603692,4,8025042,2685
2023-04-27,493529,6,7273142,2960
2023-04-27,934433,17,642925,603
2023-04-27,677179,19,406620,1152
2023-04-27,761851,21,158684,217
2023-04-27,933419,23,101960,109
2023-04-27,700391,24,82581,69
2023-04-27,594767,25,75946,117
2023-04-27,855263,30,34390,33
2023-04-27,1101449,34,19313,108
2023-04-27,1132994,35,16922,3
2023-04-27,953365,38,12599,19
2023-04-27,916738,45,4117,2
2023-04-27,965405,47,3078,6
2023-04-27,948212,57,497,1
2023-05-04,555285,3,9267414,3343
2023-05-04,603692,5,6541970,2481
2023-05-04,493529,6,5361244,2709
2023-05-04,934433,21,274692,276
2023-05-04,677179,23,200839,177
2023-05-04,761851,26,63388,128
2023-05-04,933419,28,59980,87
2023-05-04,700391,29,58591,37
2023-05-04,594767,35,33726,72
2023-05-04,1132994,41,13540,11
2023-05-04,855263,42,13505,12
2023-05-04,953365,47,5099,10
2023-05-04,1101449,51,3476,5
2023-05-04,965405,58,568,3
2023-05-04,916738,61,343,2
2023-05-04,948212,63,120,1
2023-05-11,555285,4,4709540,3343
2023-05-11,603692,6,3336823,2481
2023-05-11,493529,7,2008235,1751
2023-05-11,677179,24,55540,90
2023-05-11,700391,28,21501,23
2023-05-11,1132994,32,16777,19
2023-05-11,761851,35,10517,30
2023-05-11,953365,42,2370,4
2023-05-11,965405,50,607,3
2023-05-18,555285,5,3393296,2365
2023-05-18,603692,7,2947476,1613
2023-05-18,493529,10,1060423,934
2023-05-18,677179,33,35118,50
2023-05-18,1132994,38,17224,25
2023-05-18,761851,45,5788,19
2023-05-18,953365,50,1279,5
2023-05-18,965405,60,175,2
2023-05-25,555285,6,1923664,1668
2023-05-25,603692,7,1918451,1312
2023-05-25,493529,10,564213,511
2023-05-25,1185828,25,88839,5
2023-05-25,1132994,33,28422,101
2023-05-25,906270,47,2896,2
2023-05-25,761851,51,2023,5
2023-05-25,953365,56,795,4
2023-05-25,965405,60,179,1
2023-06-01,1136767,1,145607067,4320
2023-06-01,603692,11,798375,490
2023-06-01,555285,12,663447,458
2023-06-01,493529,13,222524,164
2023-06-01,1185828,23,65512,10
2023-06-01,1132994,43,6448,21
2023-06-01,906270,45,4328,4
2023-06-01,953365,54,1425,3
2023-06-01,761851,57,720,3
2023-06-08,569094,1,170020978,4313
2023-06-08,1136767,2,60413272,4320
2023-06-08,532408,3,17820895,3205
2023-06-08,666277,13,346324,4
2023-06-08,955555,14,325603,41
2023-06-08,603692,15,284555,231
2023-06-08,1185828,16,270181,225
2023-06-08,555285,17,248488,188
2023-06-08,1132994,44,2589,13
2023-06-08,906270,45,2094,3
2023-06-08,761851,57,183,2
2023-06-15,569094,1,82562001,4332
2023-06-15,667538,2,80622183,3678
2023-06-15,1136767,3,35938790,4320
2023-06-15,532408,4,11146852,3205
2023-06-15,666277,10,794547,26
2023-06-15,863858,12,335468,403
2023-06-15,955555,13,245030,28
2023-06-15,555285,16,166557,134
2023-06-15,603692,17,148860,118
2023-06-15,1185828,19,96256,186
2023-06-15,1083858,21,63050,56
2023-06-15,906270,47,2587,5
2023-06-15,1132994,54,486,4
2023-06-15,761851,55,396,1
2023-06-22,298618,1,72378503,4234
2023-06-22,976573,2,47051915,4035
2023-06-22,569094,3,45167667,3873
2023-06-22,667538,4,30725528,3680
2023-06-22,1136767,5,19608635,3480
2023-06-22,1008392,6,9241705,1775
2023-06-22,532408,8,6201312,2140
2023-06-22,666277,10,1301669,85
2023-06-22,747188,11,1214714,6
2023-06-22,955555,15,150774,19
2023-06-22,863858,21,37895,68
2023-06-22,1185828,32,14413,36
2023-06-22,1083858,34,12006,17
2023-06-22,1132994,48,980,1
2023-06-22,906270,51,757,4
2023-06-29,569094,1,30621175,3785
2023-06-29,976573,2,30426890,4035
2023-06-29,298618,3,21872435,4256
2023-06-29,884605,4,21810952,3208
2023-06-29,667538,5,17762355,3523
2023-06-29,1136767,6,14280564,3275
2023-06-29,747188,7,13129996,1675
2023-06-29,1008392,9,4750040,1775
2023-06-29,532408,10,4093156,1640
2023-06-29,666277,11,1869146,296
2023-06-29,1019461,16,103372,105
2023-06-29,955555,17,91655,14
2023-06-29,1004929,24,14295,3
2023-06-29,863858,34,6527,12
2023-06-29,1083858,47,1300,17
2023-06-29,906270,49,964,4
2023-06-29,1118706,53,420,1
2023-07-06,335977,1,94705329,4600
2023-07-06,976573,2,22113075,3650
2023-07-06,569094,4,21276481,3405
2023-07-06,884605,5,13351540,3208
2023-07-06,667538,6,12613246,2852
2023-07-06,1136767,7,9690617,2430
2023-07-06,1040148,8,8799925,3400
2023-07-06,298618,9,8693897,2718
2023-07-06,747188,10,7419630,1901
2023-07-06,666277,12,3071484,906
2023-07-06,532408,13,2829962,1020
2023-07-06,1008392,14,2333393,853
2023-07-06,1114972,17,203920,255
2023-07-06,955555,20,74186,9
2023-07-06,1019461,23,27941,33
2023-07-06,1083858,26,18618,9
2023-07-06,1004929,28,12220,10
2023-07-06,906270,48,388,3
2023-07-06,761851,51,195,1
2023-07-13,335977,2,38654536,4600
2023-07-13,976573,5,16997407,3440
2023-07-13,569094,6,13099307,3023
2023-07-13,884605,7,8127679,2686
2023-07-13,864168,8,8041997,2820
2023-07-13,667538,9,7621275,2475
2023-07-13,1136767,10,6027612,2080
2023-07-13,1040148,11,4613870,3408
2023-07-13,747188,12,3424365,1111
2023-07-13,298618,13,3142143,1723
2023-07-13,666277,14,1557833,776
2023-07-13,1108211,16,1175680,0
2023-07-13,532408,17,904877,650
2023-07-13,1008392,18,872844,436
2023-07-13,1114972,22,69940,255
2023-07-13,955555,27,22163,7
2023-07-13,1083858,29,15961,3
2023-07-13,1004929,33,11323,12
2023-07-13,1019461,38,9199,12
2023-07-13,761851,52,1384,2
2023-07-13,906270,57,233,3
2023-07-20,335977,4,18958997,3865
2023-07-20,976573,5,14844540,3235
2023-07-20,569094,6,9646660,2577
2023-07-20,667538,7,5178017,2041
2023-07-20,884605,8,4845522,2053
2023-07-20,864168,9,4126183,2820
2023-07-20,1136767,10,3846039,1615
2023-07-20,1040148,11,1823705,1761
2023-07-20,747188,12,1779070,713
2023-07-20,298618,14,1144400,778
2023-07-20,666277,15,934892,386
2023-07-20,1008392,18,405844,216
2023-07-20,1108211,19,401060,0
2023-07-20,532408,21,213223,225
2023-07-20,761851,30,15348,5
2023-07-20,1083858,34,12172,3
2023-07-20,1184433,38,8745,18
2023-07-20,1004929,41,5559,9
2023-07-20,1019461,50,1961,5
2023-07-20,906270,61,569,2
2023-07-27,335977,5,10766005,2885
2023-07-27,976573,7,10149845,2720
2023-07-27,569094,8,4961889,1669
2023-07-27,667538,9,1759678,834
2023-07-27,884605,10,1617061,1017
2023-07-27,1136767,11,1232146,620
2023-07-27,864168,12,590993,335
2023-07-27,747188,13,523915,294
2023-07-27,298618,14,469931,152
2023-07-27,666277,17,328655,176
2023-07-27,1040148,18,317975,502
2023-07-27,1108211,23,106071,0
2023-07-27,1008392,24,103381,68
2023-07-27,532408,26,34005,125
2023-07-27,1019461,42,1664,1
2023-07-27,761851,46,1288,1
2023-07-27,1004929,47,1185,4
2023-07-27,1184433,55,204,2
2023-08-03,335977,8,6034192,2165
2023-08-03,976573,9,5504266,2105
2023-08-03,569094,11,2186043,833
2023-08-03,884605,14,533234,311
2023-08-03,667538,15,531381,322
2023-08-03,1136767,16,406976,208
2023-08-03,298618,19,293540,80
2023-08-03,747188,20,235270,124
2023-08-03,666277,21,200169,95
2023-08-03,864168,23,138616,66
2023-08-03,1040148,24,111135,173
2023-08-03,1108211,30,31229,0
2023-08-03,761851,40,4907,3
2023-08-03,906270,46,2348,2
2023-08-03,1004929,47,2045,5
2023-08-03,1019461,51,965,2
2023-08-03,1184433,55,106,2
2023-08-10,335977,9,2606294,1190
2023-08-10,976573,10,2437675,1160
2023-08-10,569094,13,875988,435
2023-08-10,667538,15,252729,164
2023-08-10,884605,19,139732,114
2023-08-10,666277,20,136706,59
2023-08-10,747188,21,114720,86
2023-08-10,1136767,22,104087,90
2023-08-10,898673,25,86804,3
2023-08-10,298618,26,83788,26
2023-08-10,1040148,30,49375,118
2023-08-10,1108211,41,7406,0
2023-08-10,1004929,49,1135,3
2023-08-10,1019461,52,507,1
2023-08-10,1184433,54,194,1
2023-08-17,335977,11,1446179,790
2023-08-17,976573,13,1259917,690
2023-08-17,569094,16,434658,258
2023-08-17,666277,19,109612,59
2023-08-17,747188,23,74125,63
2023-08-17,1136767,24,54697,65
2023-08-17,298618,25,54676,16
2023-08-17,1040148,28,37615,84
2023-08-17,884605,32,26562,48
2023-08-17,1019461,54,2370,2
2023-08-17,1004929,60,164,2
2023-08-17,1184433,62,110,2
2023-08-24,335977,13,692070,465
2023-08-24,976573,14,613049,385
2023-08-24,569094,21,144295,121
2023-08-24,666277,22,73914,29
2023-08-24,747188,25,39345,44
2023-08-24,1136767,27,35403,40
2023-08-24,761851,58,1045,1
2023-08-24,1004929,59,812,3
2023-08-24,1184433,60,594,3
2023-08-31,1136767,18,794876,1600
2023-08-31,976573,21,383415,235
2023-08-31,335977,22,331145,245
2023-08-31,569094,24,213315,335
2023-08-31,747188,26,129695,310
2023-08-31,666277,30,62768,28
2023-08-31,1004929,60,3021,2
2023-09-07,976573,13,2068539,2155
2023-09-07,872906,18,1371383,767
2023-09-07,335977,21,204216,136
2023-09-07,1136767,25,119758,251
2023-09-07,569094,28,70830,78
2023-09-07,747188,30,68180,46
2023-09-07,666277,34,55741,27
2023-09-07,1184433,58,1429,1
2023-09-07,1004929,62,569,2
2023-09-14,968051,1,41793159,3728
2023-09-14,1001811,3,13871615,3650
2023-09-14,872906,4,8328993,826
2023-09-14,976573,19,391413,710
2023-09-14,500104,20,336800,525
2023-09-14,335977,23,81505,100
2023-09-14,666277,29,45175,24
2023-09-14,569094,32,30032,52
2023-09-14,1136767,36,11517,45
2023-09-14,1004929,55,770,1
2023-09-14,1184433,59,420,2
2023-09-21,945729,1,19052729,3305
2023-09-21,968051,2,19028861,3743
2023-09-21,1001811,4,6931615,3678
2023-09-21,872906,6,3215707,784
2023-09-21,917594,14,640268,848
2023-09-21,792293,20,309875,8
2023-09-21,889450,21,268709,307
2023-09-21,676727,22,253587,700
2023-09-21,976573,24,126570,255
2023-09-21,500104,27,54796,95
2023-09-21,666277,32,34934,24
2023-09-21,1166535,33,33119,120
2023-09-21,1058664,35,18874,1
2023-09-21,1043236,37,11118,1
2023-09-28,968051,1,11262514,3536
2023-09-28,945729,3,8762362,3305
2023-09-28,1001811,5,4405550,3078
2023-09-28,1024773,7,3503180,2005
2023-09-28,792293,8,3490795,616
2023-09-28,872906,13,1342798,552
2023-09-28,1032194,17,844985,1714
2023-09-28,917594,21,450178,719
2023-09-28,1109384,25,170990,135
2023-09-28,976573,29,58181,145
2023-09-28,676727,30,50443,200
2023-09-28,1058664,35,35922,13
2023-09-28,666277,36,33944,24
2023-09-28,1172381,41,19329,1
2023-09-28,1043236,42,14537,14
2023-09-28,500104,43,13558,16
2023-09-28,889450,48,5113,120
2023-09-28,1166535,55,2040,5
2023-09-28,761851,69,255,1
2023-10-05,893723,1,27116988,3989
2023-10-05,951491,2,24404793,3262
2023-10-05,670292,3,18830037,3680
2023-10-05,1032194,4,6496057,1715
2023-10-05,968051,5,6400268,2871
2023-10-05,945729,6,5106635,2785
2023-10-05,792293,7,4684395,2837
2023-10-05,1001811,11,1688985,1474
2023-10-05,1024773,13,1009014,1827
2023-10-05,872906,18,476730,146
2023-10-05,1129199,19,402275,541
2023-10-05,900409,25,205118,417
2023-10-05,958006,26,139358,355
2023-10-05,1109384,32,46790,99
2023-10-05,1058664,33,22469,27
2023-10-05,666277,34,19364,11
2023-10-05,1172381,36,16459,2
2023-10-05,917594,37,14613,47
2023-10-05,1073088,42,11344,1
2023-10-05,1182937,45,8814,4
2023-10-05,939335,47,7807,24
2023-10-05,1155859,49,5060,21
2023-10-05,1043236,51,3423,11
2023-10-05,500104,52,2684,2
2023-10-05,676727,53,2355,6
2023-10-05,1166535,68,444,4
2023-10-12,893723,2,15769728,4027
2023-10-12,951491,3,11324327,3262
2023-10-12,670292,4,9275707,3680
2023-10-12,1032194,5,4622949,1314
2023-10-12,945729,6,4020230,2425
2023-10-12,968051,7,3647884,2492
2023-10-12,792293,8,3221076,2837
2023-10-12,1001811,13,939475,783
2023-10-12,872906,22,308611,92
2023-10-12,1024773,29,130484,246
2023-10-12,666277,40,13408,7
2023-10-12,1129199,43,11982,25
2023-10-12,1073088,44,11045,6
2023-10-12,1109384,47,9850,33
2023-10-12,1058664,50,8226,15
2023-10-12,917594,51,7573,14
2023-10-12,1182937,52,7469,4
2023-10-12,1043236,56,2339,7
2023-10-12,1155859,63,410,3
2023-10-19,893723,3,8727411,3707
2023-10-19,951491,4,7920757,3058
2023-10-19,670292,5,6053543,2960
2023-10-19,945729,6,2866637,2290
2023-10-19,1032194,7,2721218,1166
2023-10-19,968051,8,2288385,2128
2023-10-19,792293,9,1562354,2276
2023-10-19,1001811,14,481250,610
2023-10-19,872906,27,129694,78
2023-10-19,1024773,36,32414,71
2023-10-19,1073088,42,12817,9
2023-10-19,666277,43,10994,11
2023-10-19,1129199,50,5645,11
2023-10-19,1043236,53,4428,6
2023-10-19,917594,54,4293,20
2023-10-19,1182937,55,4231,3
2023-10-19,1058664,56,4181,8
2023-10-19,1109384,57,3860,9
2023-10-26,893723,5,5448128,3364
2023-10-26,951491,6,4962050,2756
2023-10-26,670292,7,3685794,2490
2023-10-26,945729,8,1648823,1600
2023-10-26,1032194,9,1394638,1051
2023-10-26,968051,10,1209234,1364
2023-10-26,792293,15,511589,1167
2023-10-26,269509,20,192310,405
2023-10-26,1001811,22,177540,303
2023-10-26,872906,37,24614,20
2023-10-26,1129199,45,7997,5
2023-10-26,1073088,48,7591,9
2023-10-26,666277,51,5341,7
2023-10-26,917594,58,2314,12
2023-10-26,1109384,63,1620,5
2023-10-26,1182937,64,1613,2
2023-10-26,1058664,65,1568,4
2023-10-26,1043236,67,1061,3
2023-11-02,893723,7,3001594,2746
2023-11-02,951491,9,2739242,2141
2023-11-02,670292,10,1569160,1685
2023-11-02,945729,12,688738,785
2023-11-02,1032194,13,645710,608
2023-11-02,968051,15,419755,604
2023-11-02,792293,25,95788,254
2023-11-02,1073088,41,6853,13
2023-11-02,917594,46,3964,3
2023-11-02,666277,55,1199,5
2023-11-02,1182937,57,1179,1
2023-11-02,1058664,59,800,3
2023-11-02,1043236,60,549,2
2023-11-02,1129199,61,544,2
2023-11-09,893723,8,2740469,2404
2023-11-09,951491,11,1550191,1509
2023-11-09,798362,13,1248298,1055
2023-11-09,670292,15,915895,930
2023-11-09,1032194,19,539930,436
2023-11-09,945729,21,253827,435
2023-11-09,968051,24,165287,236
2023-11-09,792293,31,38642,84
2023-11-09,666277,43,4898,7
2023-11-09,1129199,50,1464,4
2023-11-09,1073088,53,1163,3
2023-11-09,917594,58,521,6
2023-11-16,720557,7,3425480,779
2023-11-16,893723,10,2022987,1779
2023-11-16,1113278,14,776655,923
2023-11-16,951491,16,706538,741
2023-11-16,798362,18,518202,945
2023-11-16,670292,19,393511,460
2023-11-16,823482,20,333548,6
2023-11-16,945729,25,71431,125
2023-11-16,968051,29,51726,87
2023-11-16,1077683,36,10877,1
2023-11-16,792293,37,10842,19
2023-11-16,1073088,47,2350,4
2023-11-16,1030200,48,2296,2
2023-11-16,917594,54,954,9
2023-11-16,666277,57,613,3
2023-11-16,1043236,61,360,1
2023-11-16,1129199,62,267,1
2023-11-23,695721,1,69558780,3776
2023-11-23,1071215,3,16929532,3204
2023-11-23,753342,5,12113829,3500
2023-11-23,1022796,6,11911112,3900
2023-11-23,621587,9,4021062,2240
2023-11-23,720557,14,1550644,370
2023-11-23,930564,16,1362025,1566
2023-11-23,823482,17,414749,25
2023-11-23,893723,18,404055,625
2023-11-23,670292,24,51032,165
2023-11-23,1113278,29,32383,241
2023-11-23,798362,33,19917,41
2023-11-23,1058648,34,18283,2
2023-11-23,666277,45,1464,1
2023-11-23,1129199,50,560,3
2023-11-23,1043236,51,379,2
2023-11-23,917594,53,224,1
2023-11-23,1073088,55,198,1
2023-11-30,695721,1,37184628,3776
2023-11-30,753342,2,26501414,3500
2023-11-30,1022796,3,22632830,3900
2023-11-30,1071215,5,8818101,3204
2023-11-30,930564,8,3304861,1566
2023-11-30,621587,10,2145653,2240
2023-11-30,823482,14,1032587,124
2023-11-30,720557,17,389139,196
2023-11-30,1203484,21,36769,2
2023-11-30,1077683,31,8883,6
2023-11-30,798362,37,3729,8
2023-11-30,1058648,38,3424,2
2023-11-30,1113278,40,2780,5
2023-11-30,1129199,48,956,2
2023-11-30,1073088,49,857,1
2023-11-30,1210035,50,585,1
2023-11-30,666277,53,303,1
2023-11-30,917594,55,108,1
2023-12-07,695721,2,19512518,3691
2023-12-07,753342,4,10279329,3500
2023-12-07,1022796,6,9568904,3900
2023-12-07,1108658,8,6342800,2450
2023-12-07,891699,9,4124374,1870
2023-12-07,1071215,10,3524036,2506
2023-12-07,930564,12,2885819,1566
2023-12-07,823482,13,2501405,1578
2023-12-07,621587,22,376157,500
2023-12-07,1203484,28,47075,5
2023-12-07,1077050,32,20450,6
2023-12-07,1058648,34,11007,19
2023-12-07,1077683,42,5180,6
2023-12-07,666277,51,1577,4
2023-12-07,798362,52,1257,3
2023-12-07,1210035,56,839,1
2023-12-07,1129199,57,789,1
2023-12-14,695721,2,13182935,3665
2023-12-14,1022796,5,6961726,3410
2023-12-14,753342,6,5905472,3350
2023-12-14,1108658,10,3286832,2415
2023-12-14,891699,11,2446753,1873
2023-12-14,930564,12,1909648,707
2023-12-14,1071215,14,1650340,2025
2023-12-14,823482,17,1014481,1250
2023-12-14,621587,29,128639,190
2023-12-14,1203484,33,26142,8
2023-12-14,1077050,36,10225,4
2023-12-14,1058648,39,7684,47
2023-12-14,666277,48,2568,4
2023-12-14,798362,59,1062,2
2023-12-14,1210035,64,401,1
2023-12-21,695721,2,9916284,3291
2023-12-21,1022796,6,5269346,3100
2023-12-21,753342,7,3630717,2601
2023-12-21,1108658,10,1762661,1583
2023-12-21,930564,12,1342993,476
2023-12-21,891699,13,1232594,1174
2023-12-21,960876,15,877462,650
2023-12-21,1071215,17,773964,1107
2023-12-21,1056360,21,321639,7
2023-12-21,823482,22,294484,323
2023-12-21,1203484,26,165385,15
2023-12-21,621587,36,42315,105
2023-12-21,1077050,44,6411,2
2023-12-21,666277,46,5087,4
2023-12-21,1058648,49,3967,12
2023-12-21,798362,57,440,2
2023-12-21,1073088,59,286,1
2023-12-28,572802,1,58198093,3706
2023-12-28,558915,4,32310570,3152
2023-12-28,1072790,5,16085414,3055
2023-12-28,823452,6,13597924,2557
2023-12-28,850165,7,11315147,2774
2023-12-28,695721,9,7491329,2509
2023-12-28,960876,13,5208148,551
2023-12-28,1022796,16,2926665,1740
2023-12-28,753342,17,1552576,1002
2023-12-28,1056360,19,923227,40
2023-12-28,1108658,22,404782,380
2023-12-28,930564,23,365481,267
2023-12-28,994108,24,232909,6
2023-12-28,891699,26,168267,203
2023-12-28,1071215,29,83065,171
2023-12-28,660360,32,54641,4
2023-12-28,979097,34,53600,2
2023-12-28,1203484,38,29707,15
2023-12-28,1025491,41,17849,5
2023-12-28,1077050,45,11188,6
2023-12-28,666277,49,4729,5
2023-12-28,1058648,52,1550,4
2024-01-11,1072790,3,14025726,3055
2024-01-11,572802,4,13552068,3553
2024-01-11,823452,6,7954484,2687
2024-01-11,850165,7,6420106,2392
2024-01-11,558915,8,6093413,3218
2024-01-11,695721,13,2386683,1428
2024-01-11,1056360,15,1345198,114
2024-01-11,1022796,16,998025,900
2024-01-11,994108,17,618931,42
2024-01-11,753342,18,399226,337
2024-01-11,660360,23,126259,4
2024-01-11,979097,26,92444,14
2024-01-11,930564,27,82073,65
2024-01-11,1108658,28,74591,109
2024-01-11,823482,32,37262,75
2024-01-11,1203484,34,30831,10
2024-01-11,1025491,35,25318,10
2024-01-11,1077050,40,17012,10
2024-01-11,1071215,43,8607,28
2024-01-11,666277,48,5314,3
2024-01-11,1058648,56,2151,3
2024-01-18,1072790,4,10582208,2935
2024-01-18,572802,6,7571369,2741
2024-01-18,823452,8,5496304,2007
2024-01-18,850165,9,3688483,1591
2024-01-18,1056360,11,2888454,625
2024-01-18,558915,13,2612359,1178
2024-01-18,695721,17,892690,733
2024-01-18,994108,19,723794,120
2024-01-18,1022796,23,391597,395
2024-01-18,979097,24,158937,151
2024-01-18,753342,26,128180,238
2024-01-18,999056,27,122360,36
2024-01-18,1025491,28,80648,34
2024-01-18,660360,30,57098,13
2024-01-18,1203484,34,31430,15
2024-01-18,823482,40,18382,16
2024-01-18,1077050,42,14511,12
2024-01-18,1108658,44,12494,30
2024-01-18,666277,46,9922,5
2024-01-18,1071215,57,1230,7
2024-01-18,1058648,60,501,1
2024-01-25,1072790,4,7573960,2928
2024-01-25,572802,6,4747318,2423
2024-01-25,823452,8,3925801,2012
2024-01-25,1056360,11,2742839,850
2024-01-25,850165,12,2246473,1321
2024-01-25,558915,17,1011686,781
2024-01-25,994108,18,847648,295
2024-01-25,695721,20,772850,1115
2024-01-25,1025491,21,495187,634
2024-01-25,1022796,27,193753,185
2024-01-25,999056,33,41444,36
2024-01-25,753342,34,37219,71
2024-01-25,660360,36,28393,13
2024-01-25,823482,37,26608,12
2024-01-25,979097,38,26328,81
2024-01-25,1203484,43,15065,15
2024-01-25,1077050,48,10489,11
2024-01-25,666277,50,9386,9
2024-01-25,1108658,56,6034,15
2024-01-25,1071215,63,217,3
2024-02-01,1072790,4,6386116,2885
2024-02-01,1056360,8,3765007,1702
2024-02-01,572802,9,3491585,2118
2024-02-01,823452,10,2929180,1869
2024-02-01,850165,16,1381402,926
2024-02-01,994108,21,656044,275
2024-02-01,558915,23,579731,503
2024-02-01,695721,27,296799,444
2024-02-01,666277,29,140189,329
2024-02-01,1022796,30,138856,155
2024-02-01,1025491,31,128397,229
2024-02-01,1071215,33,85286,511
2024-02-01,753342,40,24849,56
2024-02-01,999056,43,19970,13
2024-02-01,1203484,52,11074,6
2024-02-01,823482,54,9910,8
2024-02-01,660360,56,8891,6
2024-02-01,979097,58,7621,15
2024-02-01,1108658,62,4225,12
2024-02-01,1077050,70,1042,3
2024-02-08,1072790,7,4642249,2619
2024-02-08,1056360,8,3328977,1902
2024-02-08,572802,10,2477974,1742
2024-02-08,823452,11,2019303,1526
2024-02-08,850165,15,863163,634
2024-02-08,994108,20,355532,150
2024-02-08,558915,24,265235,308
2024-02-08,1022796,28,104429,130
2024-02-08,666277,32,77368,185
2024-02-08,1025491,36,40713,66
2024-02-08,753342,40,19043,19
2024-02-08,999056,43,12531,13
2024-02-08,1203484,47,9530,6
2024-02-08,823482,52,5233,5
2024-02-08,660360,58,3523,0
2024-02-08,1108658,64,822,9
2024-02-15,1072790,6,4873009,2805
2024-02-15,1056360,11,1928508,1462
2024-02-15,572802,13,1484209,1363
2024-02-15,823452,16,1098294,1107
2024-02-15,850165,22,439116,425
2024-02-15,994108,26,173941,95
2024-02-15,558915,31,106268,188
2024-02-15,1022796,37,69787,105
2024-02-15,666277,38,56147,103
2024-02-15,753342,51,11769,15
2024-02-15,1025491,56,7582,13
2024-02-15,1077050,59,4750,5
2024-02-15,823482,61,3709,3
2024-02-15,1108658,73,342,2
2024-02-22,1072790,8,3448045,2020
2024-02-22,1056360,12,1470985,803
2024-02-22,572802,15,1055869,856
2024-02-22,823452,19,793759,586
2024-02-22,850165,27,172832,146
2024-02-22,994108,28,121323,50
2024-02-22,1022796,29,108128,75
2024-02-22,558915,31,94066,258
2024-02-22,1025491,49,10987,8
2024-02-22,1108658,63,779,3
2024-02-29,1072790,11,1630433,1455
2024-02-29,1056360,17,808054,602
2024-02-29,572802,24,452960,524
2024-02-29,823452,26,330134,407
2024-02-29,1022796,34,59225,70
2024-02-29,850165,37,43593,72
2024-02-29,994108,38,42640,25
2024-02-29,1025491,55,5877,4
2024-02-29,1108658,72,291,3
2024-03-07,1072790,13,601695,603
2024-03-07,1056360,16,513486,500
2024-03-07,572802,23,191958,236
2024-03-07,823452,26,165877,217
2024-03-07,994108,34,69503,205
2024-03-07,1022796,35,59771,65
2024-03-07,1077050,52,4147,7
2024-03-07,1025491,59,1899,3
2024-03-07,1108658,64,553,2
2024-03-14,1056360,19,336955,675
2024-03-14,1072790,27,173024,183
2024-03-14,823452,35,51551,107
2024-03-14,572802,38,44637,81
2024-03-14,1022796,39,30656,55
2024-03-14,1025491,40,30298,107
2024-03-21,1072790,28,56609,75
2024-03-21,1025491,54,2740,8
