collection_id,name,number_movies_before_2020,avg_popularity_before_2020,insertion_datetime
659184,Mystery 101 Collection,4,4.750249999999999,2024-04-07 14:12:17.081514
732278,Sekielski About Pedophilia,1,1.983,2024-04-07 14:12:17.081514
692667,Meine Mutter... Filmreihe,2,3.451,2024-04-07 14:12:17.081514
795076,Surrogate Valentine Collection,2,0.9665,2024-04-07 14:12:17.081514
759368,Dragons: Rescue Riders Collection,0,,2024-04-07 14:12:17.081514
1087495,Catholic Heroes of the Faith,2,0.6,2024-04-07 14:12:17.081514
1080417,Antharatma (The Inner Soul) (3 Short Collection),0,,2024-04-07 14:12:17.081514
961177,Rassvet Videos,0,,2024-04-07 14:12:17.081514
759626,The Devil Had Other Plans Collection,0,,2024-04-07 14:12:17.081514
1198430,不是闹着玩（系列）,2,0.6,2024-04-07 14:12:17.081514
804917,C'era una volta Vigata,2,3.2455,2024-04-07 14:12:17.081514
1197543,Debut Anniversary Live Event Collection,1,0.6,2024-04-07 14:12:17.081514
1044973,Irodori (Aya) Collection,1,1.134,2024-04-07 14:12:17.081514
782372,Stalker's Prey Collection,1,6.078,2024-04-07 14:12:17.081514
1155635,VHS Massacre Collection,1,5.504,2024-04-07 14:12:17.081514
1018185,Schoolmistress Collection,2,7.593999999999999,2024-04-07 14:12:17.081514
1237780,Fantasy Magician Collection,0,,2024-04-07 14:12:17.081514
1018123,The Story of the Expedition Woman,1,3.15,2024-04-07 14:12:17.081514
1033506,The Company,2,4.0295000000000005,2024-04-07 14:12:17.081514
950702,Backcountry Discovery Route Collection,9,0.6,2024-04-07 14:12:17.081514
977379,Adult Only Institute Collection,1,19.87,2024-04-07 14:12:17.081514
696965,French Blood Anthology,0,,2024-04-07 14:12:17.081514
1018432,Boarding House: Hungry Wolves Collection,0,,2024-04-07 14:12:17.081514
925184,League of Gods,1,20.188,2024-04-07 14:12:17.081514
891174,Nobody Sleeps in the Woods Tonight Collection,0,,2024-04-07 14:12:17.081514
1227455,Chal Mera Putt Collection,1,4.578,2024-04-07 14:12:17.081514
1018433,The Youngest Sister-in-law Collection,1,0.6,2024-04-07 14:12:17.081514
1004551,Present Perfect,1,1.591,2024-04-07 14:12:17.081514
857324,The Fear Footage Collection,1,2.356,2024-04-07 14:12:17.081514
489724,The Trolls Collection,1,61.159,2024-04-07 14:12:17.081514
964335,Zombie World Collection,2,2.813,2024-04-07 14:12:17.081514
1154078,To the Beat! Collection,1,2.216,2024-04-07 14:12:17.081514
970645,Stargirl Collection,0,,2024-04-07 14:12:17.081514
921415,Ketnet Musical,5,0.7282,2024-04-07 14:12:17.081514
1192671,Not Found,53,0.6615094339622646,2024-04-07 14:12:17.081514
474018,Sabit Kanca,2,1.679,2024-04-07 14:12:17.081514
506940,Baaghi Collection,2,11.396,2024-04-07 14:12:17.081514
690423,Suicide Room Collection,1,16.12,2024-04-07 14:12:17.081514
1147209,Spenser Confidential Collection,0,,2024-04-07 14:12:17.081514
1185643,Gnomes and Trolls - Collection,1,4.586,2024-04-07 14:12:17.081514
1018124,Relative Brother Collection,0,,2024-04-07 14:12:17.081514
1098259,Aku Tahu Kapan Kamu Mati - Collection,0,,2024-04-07 14:12:17.081514
1018273,The Kangaroo Chronicles Collection,0,,2024-04-07 14:12:17.081514
763760,Bloodshot Collection,0,,2024-04-07 14:12:17.081514
1195395,Psychic Yuranbon,11,0.5999999999999999,2024-04-07 14:12:17.081514
1180563,Loạt Phim Ma Thổi Đèn,1,4.425,2024-04-07 14:12:17.081514
1236203,Hatchetfield Collection,1,1.566,2024-04-07 14:12:17.081514
717156,I Am Vengeance Collection,1,5.575,2024-04-07 14:12:17.081514
918344,HIT Universe,0,,2024-04-07 14:12:17.081514
693854,DAU Cinema,0,,2024-04-07 14:12:17.081514
590010,The Shamer's Daughter Collection,1,21.379,2024-04-07 14:12:17.081514
999097,女鬼橋（系列）,0,,2024-04-07 14:12:17.081514
680048,#TemanTapiMenikah,1,3.037,2024-04-07 14:12:17.081514
741633,Twittering Birds Never Fly  Collection,0,,2024-04-07 14:12:17.081514
632909,May the Devil Take You,1,14.657,2024-04-07 14:12:17.081514
718873,My Friend's Sister Series,3,8.026,2024-04-07 14:12:17.081514
962145,The Holy Beasts Collection,1,1.351,2024-04-07 14:12:17.081514
571845,Norm of the North Collection,3,11.995333333333331,2024-04-07 14:12:17.081514
679080,Martha's Vineyard Mysteries Collection,0,,2024-04-07 14:12:17.081514
472922,Tödliche Geheimnisse Filmreihe,2,1.8305,2024-04-07 14:12:17.081514
1060551,MIRRORLIAR FILMS,0,,2024-04-07 14:12:17.081514
1026729,劇場版ダーウィンが来た！,1,1.142,2024-04-07 14:12:17.081514
900402,Shivaji Surathkal Collection,0,,2024-04-07 14:12:17.081514
1122979,Legend of the Mermaid Collection,0,,2024-04-07 14:12:17.081514
822849,Gundam Reconguista in G Collection,1,5.908,2024-04-07 14:12:17.081514
728389,スマホを落としただけなのに,1,6.181,2024-04-07 14:12:17.081514
675455,Shubh Mangal Collection,1,4.029,2024-04-07 14:12:17.081514
39244,Digimon Adventure Collection,2,14.836,2024-04-07 14:12:17.081514
1018151,Female Urologists Collection,1,8.015,2024-04-07 14:12:17.081514
724380,Rock Collection,3,2.4806666666666666,2024-04-07 14:12:17.081514
674522,Pee Nak Collection,1,9.184,2024-04-07 14:12:17.081514
1154637,Lassie Filmreihe,0,,2024-04-07 14:12:17.081514
666337,The Boy Collection,1,22.479,2024-04-07 14:12:17.081514
898997,Ten Days Without Mum Collection,0,,2024-04-07 14:12:17.081514
719840,Patterns of Evidence Collection,2,1.961,2024-04-07 14:12:17.081514
980156,Kabaddi Collection,2,2.1335,2024-04-07 14:12:17.081514
528034,Grizzly Collection,1,11.252,2024-04-07 14:12:17.081514
675255,Picture Perfect Mysteries,1,2.631,2024-04-07 14:12:17.081514
833312,Pink Zone Series,2,1.121,2024-04-07 14:12:17.081514
1019543,Klases salidojums,1,1.283,2024-04-07 14:12:17.081514
737052,Romance in the Outfield Collection,1,1.502,2024-04-07 14:12:17.081514
528052,Polizeihauptmeister Krause Filmreihe,6,1.1803333333333332,2024-04-07 14:12:17.081514
754627,Hayflower and Quiltshoe Collection,2,3.983,2024-04-07 14:12:17.081514
863179,Head of the Family Collection,1,4.743,2024-04-07 14:12:17.081514
576914,Ice Collection,1,12.306,2024-04-07 14:12:17.081514
693992,Locos de amor - Colección,2,2.9775,2024-04-07 14:12:17.081514
632906,Dilan,2,4.968999999999999,2024-04-07 14:12:17.081514
795277,Honest Candidate Collection,0,,2024-04-07 14:12:17.081514
569738,To All the Boys Collection,1,43.774,2024-04-07 14:12:17.081514
720879,Sonic the Hedgehog Collection,0,,2024-04-07 14:12:17.081514
1080055,The Doctors,6,0.9365,2024-04-07 14:12:17.081514
727454,Dark Girls Collection,1,2.965,2024-04-07 14:12:17.081514
1217425,Autodale,4,0.6,2024-04-07 14:12:17.081514
827880,Blacks Can't Swim - Collection,0,,2024-04-07 14:12:17.081514
107949,Puppet Master Collection,11,7.711272727272727,2024-04-07 14:12:17.081514
359402,Bobule Collection,2,2.5485,2024-04-07 14:12:17.081514
986568,Top Gunner Collection,0,,2024-04-07 14:12:17.081514
765697,Time Warp Collection,0,,2024-04-07 14:12:17.081514
914452,德云社郭德纲相声（系列）,29,0.6958620689655174,2024-04-07 14:12:17.081514
936925,C600 Collection,0,,2024-04-07 14:12:17.081514
1036047,Les duos impossibles de Jérémy Ferrari - Collection,6,2.0555,2024-04-07 14:12:17.081514
1036633,Uncle Tom Collection,0,,2024-04-07 14:12:17.081514
1002775,Lost Bullet Collection,0,,2024-04-07 14:12:17.081514
811796,Tooth Fairy (Horror) Collection,1,7.055,2024-04-07 14:12:17.081514
14246,Sniper Collection,7,24.416,2024-04-07 14:12:17.081514
683698,Z-O-M-B-I-E-S Collection,1,34.603,2024-04-07 14:12:17.081514
1018402,My Wife's Mom Collection,1,5.147,2024-04-07 14:12:17.081514
922259,Sister-in-law's Taste Collection,0,,2024-04-07 14:12:17.081514
852642,IZ*ONE Collection,1,0.6,2024-04-07 14:12:17.081514
1156983,Spirit Pandemic Collection,17,0.5999999999999999,2024-04-07 14:12:17.081514
700168,Mom's Friend Series,6,21.221666666666664,2024-04-07 14:12:17.081514
592431,Die Drei von der Müllabfuhr Filmreihe,2,1.215,2024-04-07 14:12:17.081514
767217,A Very Country Collection,2,5.565,2024-04-07 14:12:17.081514
534537,...mit Hindernissen Filmreihe,2,1.5485,2024-04-07 14:12:17.081514
552742,Oh My Ghost Collection,6,3.621333333333333,2024-04-07 14:12:17.081514
383032,Honto Ni Atta! Noroi no Video Collection,57,0.7233508771929827,2024-04-07 14:12:17.081514
1179647,Riot Holiday Collection,0,,2024-04-07 14:12:17.081514
729322,Gabriel's Inferno Collection,0,,2024-04-07 14:12:17.081514
709271,The Debt Collector Collection,1,26.478,2024-04-07 14:12:17.081514
717136,Let's Go To Rose Motel Series,3,6.476666666666667,2024-04-07 14:12:17.081514
1089627,Teenage Girl Collection,1,1.332,2024-04-07 14:12:17.081514
798289,Crimes of the South,1,13.923,2024-04-07 14:12:17.081514
1018422,Bosomy Mom Collection,0,,2024-04-07 14:12:17.081514
974743,The Summer of Mesa Collection,0,,2024-04-07 14:12:17.081514
857944,On the Trail of UFOs Collection,0,,2024-04-07 14:12:17.081514
724103,Aunt's Temptation Series,2,7.650499999999999,2024-04-07 14:12:17.081514
717064,Monkey King Collection,2,3.802,2024-04-07 14:12:17.081514
1018419,Pizza Dare Collection,0,,2024-04-07 14:12:17.081514
690428,Zimmer mit Stall Filmreihe,3,0.8719999999999999,2024-04-07 14:12:17.081514
781201,The Fast and the Fierce Collection,1,4.744,2024-04-07 14:12:17.081514
521293,Aurora Teagarden Mystery Collection,12,9.17525,2024-04-07 14:12:17.081514
1121269,Muppet Guys Talking Collection,1,2.044,2024-04-07 14:12:17.081514
1265597,Paranoia Tapes,4,0.97125,2024-04-07 14:12:17.081514
1018461,Extreme Lesson Collection,1,2.861,2024-04-07 14:12:17.081514
1018312,Girlfriend's Taste Collection,0,,2024-04-07 14:12:17.081514
1018340,18 Year Old Actress Collection,0,,2024-04-07 14:12:17.081514
1064214,JL Family Ranch Collection,1,5.525,2024-04-07 14:12:17.081514
1077118,Enchantimals Collection,1,4.91,2024-04-07 14:12:17.081514
987064,Thrive Collection,1,6.601,2024-04-07 14:12:17.081514
911649,X ont brillé à la télé : que sont-X devenus ?,0,,2024-04-07 14:12:17.081514
1190039,Sörensen ermittelt-Filmreihe,0,,2024-04-07 14:12:17.081514
822306,Miraculous World,0,,2024-04-07 14:12:17.081514
852378,Sex Girl Series,0,,2024-04-07 14:12:17.081514
911032,Warkop DKI Reborn Collection,3,1.4373333333333334,2024-04-07 14:12:17.081514
653222,Rogue Warfare Collection,2,10.697,2024-04-07 14:12:17.081514
619972,Knutsen & Ludvigsen Collection,1,4.409,2024-04-07 14:12:17.081514
729083,Reindeerspotting Collection,1,3.801,2024-04-07 14:12:17.081514
773768,Ooops! Noah is Gone... Collection,1,32.224,2024-04-07 14:12:17.081514
265865,Space Dogs Collection,2,9.322500000000002,2024-04-07 14:12:17.081514
1206673,Happiness,1,1.357,2024-04-07 14:12:17.081514
829314,Enola Holmes Collection,0,,2024-04-07 14:12:17.081514
1008390,Auf dem Trockenen,0,,2024-04-07 14:12:17.081514
925823,Time100 Collection,0,,2024-04-07 14:12:17.081514
1166352,Migrations Collection,0,,2024-04-07 14:12:17.081514
894367,Benyamin The Troublemaker,1,1.637,2024-04-07 14:12:17.081514
1110114,Princezna zakletá v čase,0,,2024-04-07 14:12:17.081514
1265590,The Imelda Series,1,1.4,2024-04-07 14:12:17.081514
1132590,ETs Among Us Collection,3,1.0723333333333334,2024-04-07 14:12:17.081514
663817,The Little Grey Wolfy,3,0.6236666666666667,2024-04-07 14:12:17.081514
814568,The Obsession Collection,0,,2024-04-07 14:12:17.081514
1018181,Hole-in-law Collection,0,,2024-04-07 14:12:17.081514
881468,Fear PHarm Collection,0,,2024-04-07 14:12:17.081514
117354,Crayon Shin-chan Collection,27,14.65825925925926,2024-04-07 14:12:17.081514
1095650,Super Monsters Collection,6,4.201833333333333,2024-04-07 14:12:17.081514
913931,PAW Patrol Collection,31,3.936774193548386,2024-04-07 14:12:17.081514
747566,The Corporation Collection,1,7.156,2024-04-07 14:12:17.081514
737382,The Babysitter Collection,1,27.254,2024-04-07 14:12:17.081514
852877,Pretty Young Sister,0,,2024-04-07 14:12:17.081514
55428,Curious George Collection,7,14.457285714285716,2024-04-07 14:12:17.081514
1178434,Shugaley Collection,0,,2024-04-07 14:12:17.081514
739953,From Bedroom to Billions Collection,2,1.537,2024-04-07 14:12:17.081514
977876,The Tribunal Collection,1,1.586,2024-04-07 14:12:17.081514
1260894,Psychic Darkness Video Collection,36,0.6000000000000002,2024-04-07 14:12:17.081514
776024,The Rope Curse,1,2.968,2024-04-07 14:12:17.081514
702624,After Collection,1,79.991,2024-04-07 14:12:17.081514
1018278,Dangerous Uncles Collection,0,,2024-04-07 14:12:17.081514
234835,Camp Blood Collection,9,2.718555555555556,2024-04-07 14:12:17.081514
771563,Merry Liddle Christmas Collection,1,4.04,2024-04-07 14:12:17.081514
109141,Perfect Education Series,8,7.694000000000001,2024-04-07 14:12:17.081514
1016339,John Schneider Poker,0,,2024-04-07 14:12:17.081514
903955,Go! Go! Cory Carson Collection,0,,2024-04-07 14:12:17.081514
764665,十二夜系列,1,1.744,2024-04-07 14:12:17.081514
761842,Bob The Cat Collection,1,23.147,2024-04-07 14:12:17.081514
899693,Hotel Inferno Collection,2,4.637,2024-04-07 14:12:17.081514
1073029,Wandering Earth Collection,1,31.418,2024-04-07 14:12:17.081514
853126,Erotic Tutoring Collection,2,9.8885,2024-04-07 14:12:17.081514
735502,Long Long Time Ago,2,2.5585,2024-04-07 14:12:17.081514
1231453,Doctor Who: The Collection Collection,5,0.8888,2024-04-07 14:12:17.081514
464577,The Croods Collection,1,55.203,2024-04-07 14:12:17.081514
853684,Invitation Girl Collection,2,8.239,2024-04-07 14:12:17.081514
771238,The Christmas Project Collection,1,4.224,2024-04-07 14:12:17.081514
919339,A Godwink Christmas Collection,2,6.7005,2024-04-07 14:12:17.081514
950536,The Christmas House Collection,0,,2024-04-07 14:12:17.081514
896142,Kamen Rider Saber Collection,0,,2024-04-07 14:12:17.081514
122776,Kvartet I Collection,10,3.5959000000000003,2024-04-07 14:12:17.081514
619929,Bo Bear Collection,2,1.2925,2024-04-07 14:12:17.081514
728776,Stand by Me Doraemon,1,58.529,2024-04-07 14:12:17.081514
1148930,Birchpunk,0,,2024-04-07 14:12:17.081514
1048766,Toby's Big Adventures Collection,0,,2024-04-07 14:12:17.081514
713330,The Princess Switch Collection,1,19.19,2024-04-07 14:12:17.081514
766441,Ashens Collection,1,3.277,2024-04-07 14:12:17.081514
1024746,Sixty Collection,1,1.354,2024-04-07 14:12:17.081514
743824,The Christmas Chronicles Collection,1,20.964,2024-04-07 14:12:17.081514
1004630,LEGO Star Wars (Seasonal) Collection,0,,2024-04-07 14:12:17.081514
1165719,SCP Foundation Collection,3,0.6136666666666667,2024-04-07 14:12:17.081514
1166297,The River Collection,0,,2024-04-07 14:12:17.081514
950960,Tales of the Bizarre,38,1.6478421052631578,2024-04-07 14:12:17.081514
1135368,Volumes of Blood Collection,3,0.997,2024-04-07 14:12:17.081514
442937,The Werewolf Game,10,3.5626,2024-04-07 14:12:17.081514
1018135,"Son's Girlfriend, Daddy's Girlfriend Collection",0,,2024-04-07 14:12:17.081514
1211731,100 Candles Game Collection,0,,2024-04-07 14:12:17.081514
827672,Date A Bullet - Saga,0,,2024-04-07 14:12:17.081514
1155526,"Good Morning, Neighbor Collection",6,0.7305,2024-04-07 14:12:17.081514
910707,Julemandens Datter (Samling),1,2.596,2024-04-07 14:12:17.081514
847594,Avenger Dogs,1,1.966,2024-04-07 14:12:17.081514
1181999,Die Usedom-Krimi Filmreihe,10,1.3116,2024-04-07 14:12:17.081514
980632,Bennett's Song Collection,1,1.872,2024-04-07 14:12:17.081514
853316,Adultery Alumni Association,2,27.4375,2024-04-07 14:12:17.081514
1137379,Symphonic Hip Hop,4,0.6,2024-04-07 14:12:17.081514
1070035,The Inspired Island (Series),13,0.711076923076923,2024-04-07 14:12:17.081514
980781,Medusa Collection,0,,2024-04-07 14:12:17.081514
1018323,Watcher Girl Collection,1,4.067,2024-04-07 14:12:17.081514
1170143,The Shortest Distance is Round Collection,1,4.401,2024-04-07 14:12:17.081514
279715,Beck Collection,38,3.644,2024-04-07 14:12:17.081514
704438,Barbie & Kendra Collection,0,,2024-04-07 14:12:17.081514
780033,True to the Game Collection,1,3.793,2024-04-07 14:12:17.081514
645991,Cattle Hill Collection,1,5.922,2024-04-07 14:12:17.081514
1205346,Sara's School Life Collection,0,,2024-04-07 14:12:17.081514
982913,The Haunted Collection,3,1.6186666666666667,2024-04-07 14:12:17.081514
642638,The Elf on the Shelf Collection,3,2.9736666666666665,2024-04-07 14:12:17.081514
1040578,Honto ni Atta Kowai Hanashi Collection,14,1.0909999999999995,2024-04-07 14:12:17.081514
1227698,Altaussee-Krimi Filmreihe,0,,2024-04-07 14:12:17.081514
843827,Pretty Cure Movie Collection,32,5.268781250000001,2024-04-07 14:12:17.081514
796186,Par un regard Collection,2,0.688,2024-04-07 14:12:17.081514
1011738,Solitary Gourmet Collection,7,0.8920000000000001,2024-04-07 14:12:17.081514
1223031,Kamal Kharmach: Mag ik even?,1,1.4,2024-04-07 14:12:17.081514
1090839,Mo Willems Pigeon Collection,5,0.6996,2024-04-07 14:12:17.081514
122123,Three Heroes Collection,9,7.775222222222222,2024-04-07 14:12:17.081514
782228,陈翔六点半（系列）,3,1.0633333333333332,2024-04-07 14:12:17.081514
708574,When Mom Is Away,1,11.757,2024-04-07 14:12:17.081514
845586,Finding Jesus Collection,0,,2024-04-07 14:12:17.081514
1152709,Blind ermittelt,3,1.2593333333333332,2024-04-07 14:12:17.081514
916696,Death to Collection,0,,2024-04-07 14:12:17.081514
527950,"Shake, Rattle & Roll Collection",15,2.0460000000000003,2024-04-07 14:12:17.081514
1115464,Sniping Collection,1,0.6,2024-04-07 14:12:17.081514
385863,F.C. De Kampioenen Collectie,4,2.40925,2024-04-07 14:12:17.081514
784046,Mang Kepweng Collection,1,1.086,2024-04-07 14:12:17.081514
715872,Moschettieri del Re - Collezione,1,6.773,2024-04-07 14:12:17.081514
661031,Pokémon (Alternate Continuity) Collection,2,33.771,2024-04-07 14:12:17.081514
727089,Sharkboy and Lavagirl Collection,1,37.213,2024-04-07 14:12:17.081514
1261335,A Sogra Perfeita,0,,2024-04-07 14:12:17.081514
879199,Asih Collection,1,2.828,2024-04-07 14:12:17.081514
1129560,Cheeni Collection,0,,2024-04-07 14:12:17.081514
762278,Shock Wave Collection,1,17.91,2024-04-07 14:12:17.081514
918492,Simon Predj Spéciaux de Naël Collection,0,,2024-04-07 14:12:17.081514
958299,Revue Starlight ―The LIVE Collection―,2,2.1885000000000003,2024-04-07 14:12:17.081514
621865,Familie  Bundschuh Filmreihe,4,1.31425,2024-04-07 14:12:17.081514
1066800,张杰演唱会,4,0.68,2024-04-07 14:12:17.081514
842472,The Essence Collection,2,1.5779999999999998,2024-04-07 14:12:17.081514
728242,Harter Brocken,4,1.78625,2024-04-07 14:12:17.081514
1110545,Misfit Collectie,2,3.2415000000000003,2024-04-07 14:12:17.081514
468552,Wonder Woman Collection,1,82.826,2024-04-07 14:12:17.081514
785851,Reveries Collection,1,0.6,2024-04-07 14:12:17.081514
1146644,Small Town Monsters Collection,10,1.2296999999999998,2024-04-07 14:12:17.081514
916669,A California Christmas Collection,0,,2024-04-07 14:12:17.081514
1074160,Den Ace Collection,16,0.7679374999999998,2024-04-07 14:12:17.081514
796086,The Landry Collection,0,,2024-04-07 14:12:17.081514
660967,Allmen Collection,3,1.936,2024-04-07 14:12:17.081514
1139039,Horror in the High Desert Collection,0,,2024-04-07 14:12:17.081514
467577,Evil Bong Collection,9,3.673111111111111,2024-04-07 14:12:17.081514
610041,Girls und Panzer das Finale,2,8.7965,2024-04-07 14:12:17.081514
1059588,Irish Crime,2,1.097,2024-04-07 14:12:17.081514
894179,Penunggang Agama Collection,0,,2024-04-07 14:12:17.081514
910708,Titisan Setan,1,2.524,2024-04-07 14:12:17.081514
595693,Peter Rabbit Collection,1,48.36,2024-04-07 14:12:17.081514
1200346,Ecstasy Cats,0,,2024-04-07 14:12:17.081514
794702,兴风作浪（系列）,1,0.6,2024-04-07 14:12:17.081514
1248912,-spiracy Collection,1,14.632,2024-04-07 14:12:17.081514
535313,Godzilla Collection,2,363.1455,2024-04-07 14:12:17.081514
819203,The Haikyuu!! Stage Collection,7,1.4309999999999998,2024-04-07 14:12:17.081514
811885,Deadly Excursion Collection,1,7.099,2024-04-07 14:12:17.081514
1129084,Nobody Collection,0,,2024-04-07 14:12:17.081514
1214076,Пальма,0,,2024-04-07 14:12:17.081514
1253056,老闆娘 (系列),0,,2024-04-07 14:12:17.081514
1068160,The Male Gaze  Collection,2,3.011,2024-04-07 14:12:17.081514
1186769,60 Seconds to Die Collection,2,1.2775,2024-04-07 14:12:17.081514
955150,Navarasa,7,1.5134285714285711,2024-04-07 14:12:17.081514
961776,The Shimajiro Movie Collection,7,3.874428571428571,2024-04-07 14:12:17.081514
861207,The Executioner (2021) collection,0,,2024-04-07 14:12:17.081514
972513,Dark Web Collection,1,4.137,2024-04-07 14:12:17.081514
941693,Yes Day Collection,0,,2024-04-07 14:12:17.081514
1145064,Dinesh Vijan's horror-comedy universe,1,9.915,2024-04-07 14:12:17.081514
705370,Beauty Salon: Special Service Series,3,20.495,2024-04-07 14:12:17.081514
210303,Rebuild of Evangelion Collection,3,31.60033333333333,2024-04-07 14:12:17.081514
39326,Initial D,5,7.5268,2024-04-07 14:12:17.081514
879516,The Secret,1,2.63,2024-04-07 14:12:17.081514
868700,Aria - Blue Curtain Call Trilogy,1,4.565,2024-04-07 14:12:17.081514
1012974,Pornographer Collection,0,,2024-04-07 14:12:17.081514
1042852,Rogue Cell Collection,1,2.08,2024-04-07 14:12:17.081514
576923,"Take a Hike, Vasya!",1,5.246,2024-04-07 14:12:17.081514
647077,Coming to America Collection,1,55.155,2024-04-07 14:12:17.081514
1025055,Sweet Mahogany Collection,0,,2024-04-07 14:12:17.081514
1068175,Coming of Age Collection,6,0.7826666666666666,2024-04-07 14:12:17.081514
1083017,From Beyond Collection,1,17.869,2024-04-07 14:12:17.081514
729646,Väter allein zu Haus Collection,2,1.4765,2024-04-07 14:12:17.081514
792448,Crazy Wedding Collection,2,1.9045,2024-04-07 14:12:17.081514
1192438,Addio al nubilato - Collezione,0,,2024-04-07 14:12:17.081514
584691,Chronicle Mysteries,4,4.41075,2024-04-07 14:12:17.081514
803526,Super Sentai Collection,117,3.536119658119657,2024-04-07 14:12:17.081514
787649,The Drishyam Collection,1,13.035,2024-04-07 14:12:17.081514
974847,Money. Murder. Zurich. Collection,6,1.133,2024-04-07 14:12:17.081514
764994,The Way We Dance Collection,1,2.818,2024-04-07 14:12:17.081514
1237593,暴走财神（系列）,1,0.849,2024-04-07 14:12:17.081514
881669,You vs. Wild Collection,0,,2024-04-07 14:12:17.081514
519564,Las Leyendas Collection,5,19.1058,2024-04-07 14:12:17.081514
256322,The Purge Collection,4,52.63975,2024-04-07 14:12:17.081514
437451,Cinderella Story Collection,5,27.7348,2024-04-07 14:12:17.081514
1048869,再雇用警察官,0,,2024-04-07 14:12:17.081514
1108593,Ripper Untold Collection,0,,2024-04-07 14:12:17.081514
790370,Fear Street Collection,0,,2024-04-07 14:12:17.081514
896356,Kamen Rider Saber × Ghost Collection,0,,2024-04-07 14:12:17.081514
997726,Rompis Collection,1,1.555,2024-04-07 14:12:17.081514
602538,Non ci resta che il crimine - Collezione,1,10.353,2024-04-07 14:12:17.081514
1204557,绝美的世界各地4K美景之旅,0,,2024-04-07 14:12:17.081514
852743,BanG Dream! Episode of Roselia Collection,0,,2024-04-07 14:12:17.081514
861123,Ostap Bender Trilogy,0,,2024-04-07 14:12:17.081514
1119879,Ice Road Collection,0,,2024-04-07 14:12:17.081514
1155843,Opération Portugal - Saga,0,,2024-04-07 14:12:17.081514
1158686,Heard She Got Married Collection,0,,2024-04-07 14:12:17.081514
785583,Batman: The Long Halloween Collection,0,,2024-04-07 14:12:17.081514
689974,Teen Titans Go! Collection,2,30.1575,2024-04-07 14:12:17.081514
857332,Speech & Debate Collection,0,,2024-04-07 14:12:17.081514
1265610,Zwaar verliefd! Collectie,1,1.977,2024-04-07 14:12:17.081514
131780,Whispering Corridors Collection,5,9.819399999999998,2024-04-07 14:12:17.081514
787188,Jacqueline Mazerin Collection,1,8.854,2024-04-07 14:12:17.081514
894802,Veszélyroham,0,,2024-04-07 14:12:17.081514
988589,Dragon Fury Collection,0,,2024-04-07 14:12:17.081514
1093903,Streetwise Collection,4,2.777,2024-04-07 14:12:17.081514
336557,The Ouija Experiment Collection,3,9.021333333333333,2024-04-07 14:12:17.081514
608101,The Hitman's Bodyguard Collection,1,41.394,2024-04-07 14:12:17.081514
1068190,Contigo - Colección,0,,2024-04-07 14:12:17.081514
1080965,Joe Bonamassa Live Collection,7,1.0214285714285716,2024-04-07 14:12:17.081514
988584,Dinosaur Hotel Collection,0,,2024-04-07 14:12:17.081514
843973,Sune (samling),2,3.007,2024-04-07 14:12:17.081514
1166631,Mobile Suit Gundam Hathaway Collection,0,,2024-04-07 14:12:17.081514
826725,Meet the Blacks Collection,1,12.058,2024-04-07 14:12:17.081514
1018280,Three Families Under the Same Roof Collection,0,,2024-04-07 14:12:17.081514
941790,My MMXXs,0,,2024-04-07 14:12:17.081514
1237159,ORF LandKrimi Reihe,16,2.440125,2024-04-07 14:12:17.081514
1035073,Exhibition on Screen Collection,21,1.107047619047619,2024-04-07 14:12:17.081514
1066349,The Nico & Emilio Saga,0,,2024-04-07 14:12:17.081514
1096614,Little Foot Collection,0,,2024-04-07 14:12:17.081514
964836,Upon Her Lips,0,,2024-04-07 14:12:17.081514
1170524,Concerts Enfoiros,2,0.6,2024-04-07 14:12:17.081514
834501,Kandasamys Collection,2,2.9575,2024-04-07 14:12:17.081514
976903,Knights of Sidonia Collection,1,7.865,2024-04-07 14:12:17.081514
247028,Rurouni Kenshin (Live-Action) Collection,3,29.94333333333333,2024-04-07 14:12:17.081514
819105,Shoujo Kageki Revue Starlight Collection,0,,2024-04-07 14:12:17.081514
1150153,2551 Collection,0,,2024-04-07 14:12:17.081514
893268,Carters Collection,1,1.001,2024-04-07 14:12:17.081514
934681,Koleksi Telefilem Tanah Kubur,1,2.13,2024-04-07 14:12:17.081514
836208,Anatomy of an Antihero Collection,0,,2024-04-07 14:12:17.081514
1043889,A Wicked Trilogy Collection,0,,2024-04-07 14:12:17.081514
1161130,Der Masuren-Krimi Collection,0,,2024-04-07 14:12:17.081514
1167935,Shadow Game Collection,0,,2024-04-07 14:12:17.081514
319850,Department Q Collection,4,22.14075,2024-04-07 14:12:17.081514
928121,The Crimes of Shalqar,0,,2024-04-07 14:12:17.081514
837007,Cruella Collection,0,,2024-04-07 14:12:17.081514
313086,The Conjuring Collection,2,94.1525,2024-04-07 14:12:17.081514
832266,The Queen of Kung Fu Collection,0,,2024-04-07 14:12:17.081514
632051,Morning Show Mysteries Collection,5,3.515,2024-04-07 14:12:17.081514
654479,Das Kindermädchen Filmreihe,2,1.1865,2024-04-07 14:12:17.081514
625654,Zoombies Collection,2,9.399,2024-04-07 14:12:17.081514
521226,A Quiet Place Collection,1,62.53,2024-04-07 14:12:17.081514
1114011,Tio år på en minut,0,,2024-04-07 14:12:17.081514
871573,First Lady Collection,2,1.397,2024-04-07 14:12:17.081514
877965,Sixteen +,0,,2024-04-07 14:12:17.081514
97462,Macross Frontier Collection,4,8.278500000000001,2024-04-07 14:12:17.081514
954596,National Day Trilogy,1,9.309,2024-04-07 14:12:17.081514
930409,The Battle at Lake Changjin Collection,0,,2024-04-07 14:12:17.081514
1001627,Macross Δ Collection,1,7.468,2024-04-07 14:12:17.081514
1166304,The Peppercorns Collection,1,8.399,2024-04-07 14:12:17.081514
558216,Venom Collection,1,93.971,2024-04-07 14:12:17.081514
645,James Bond Collection,25,43.90852000000001,2024-04-07 14:12:17.081514
1173440,In the Wilds Collection,0,,2024-04-07 14:12:17.081514
207621,V/H/S Collection,3,17.410666666666668,2024-04-07 14:12:17.081514
1059888,Savage X Fenty Collection,1,6.989,2024-04-07 14:12:17.081514
673604,A Menina que Matou os Pais,0,,2024-04-07 14:12:17.081514
1180304,Qismat Collection,1,2.403,2024-04-07 14:12:17.081514
893229,Princess Principal Crown Handler Collection,0,,2024-04-07 14:12:17.081514
668104,魁拔（系列）,3,3.446333333333333,2024-04-07 14:12:17.081514
1217733,Michelin Stars Collection,1,1.4,2024-04-07 14:12:17.081514
1203290,Kamikaze Love Collection,0,,2024-04-07 14:12:17.081514
1096561,Dave of the Dead Collection,0,,2024-04-07 14:12:17.081514
1192328,The Last Padawan Short Films,1,0.63,2024-04-07 14:12:17.081514
971395,Pluto it is no Longer a Planet Collection,0,,2024-04-07 14:12:17.081514
936268,Aileen Wuornos Collection,1,26.983,2024-04-07 14:12:17.081514
980782,The Legend of Jack and Jill Collection,0,,2024-04-07 14:12:17.081514
911841,La Vengeance Trilogie,1,0.684,2024-04-07 14:12:17.081514
980025,黑鴉事務所合集,2,1.2494999999999998,2024-04-07 14:12:17.081514
850336,Masquerade Hotel Collection,1,7.603,2024-04-07 14:12:17.081514
890927,Free!–the Final Stroke– Collection,0,,2024-04-07 14:12:17.081514
892613,Princess Cut Collection,1,1.915,2024-04-07 14:12:17.081514
790538,Sul più bello - Collezione,0,,2024-04-07 14:12:17.081514
726871,Dune Collection,0,,2024-04-07 14:12:17.081514
993199,Kau & Dia Collection,0,,2024-04-07 14:12:17.081514
869715,John Bronco Collection,0,,2024-04-07 14:12:17.081514
1200974,Yodonna Collection,0,,2024-04-07 14:12:17.081514
1167564,The In-Laws Collection,0,,2024-04-07 14:12:17.081514
872991,CarousHELL Collection,1,0.675,2024-04-07 14:12:17.081514
888484,Time Is Up Collection,0,,2024-04-07 14:12:17.081514
303872,Little Nicholas Trilogy,2,15.6455,2024-04-07 14:12:17.081514
653943,Lesní trilogie (kolekce),2,1.5579999999999998,2024-04-07 14:12:17.081514
858719,Harry & Meghan Collection (Lifetime),2,9.4875,2024-04-07 14:12:17.081514
898492,Life of Crime Collection,2,1.1155,2024-04-07 14:12:17.081514
950672,Kamen Rider Revice Collection,0,,2024-04-07 14:12:17.081514
940926,Amityville Scarecrow Collection,0,,2024-04-07 14:12:17.081514
286177,Rise of the Footsoldier Collection,4,9.2965,2024-04-07 14:12:17.081514
848922,The Tomorrow War Collection,0,,2024-04-07 14:12:17.081514
531143,"Help, I Shrunk My...",2,13.2315,2024-04-07 14:12:17.081514
912503,Shang-Chi Collection,0,,2024-04-07 14:12:17.081514
1002637,Killer Poop Collection,0,,2024-04-07 14:12:17.081514
1243369,China Cove Memoirs,1,0.6,2024-04-07 14:12:17.081514
1172972,Yonatan barak specials,3,0.6096666666666667,2024-04-07 14:12:17.081514
1099201,WE'RE BROS. TOUR,14,0.6148571428571427,2024-04-07 14:12:17.081514
1142778,Time for Me to Come Home Collection,2,3.9985,2024-04-07 14:12:17.081514
1184152,Trolls Holiday Collection,1,25.63,2024-04-07 14:12:17.081514
961121,Eureka Seven Hi-Evolution Collection,2,4.7925,2024-04-07 14:12:17.081514
1198703,Death of England Collection,0,,2024-04-07 14:12:17.081514
912183,The Nine Lives of Christmas Collection,1,20.141,2024-04-07 14:12:17.081514
913392,South Park: Post COVID Collection,0,,2024-04-07 14:12:17.081514
847769,Drushyam Collection,1,3.48,2024-04-07 14:12:17.081514
1000954,Una famiglia mostruosa - Collezione,0,,2024-04-07 14:12:17.081514
632907,Yowis Ben,2,2.1375,2024-04-07 14:12:17.081514
1243384,Maschile singolare - Collezione,0,,2024-04-07 14:12:17.081514
1015452,Queen of the Trap House Collection,0,,2024-04-07 14:12:17.081514
1264365,Dengler Filmreihe,5,1.4289999999999998,2024-04-07 14:12:17.081514
1025676,Worlds Collided - Collection,0,,2024-04-07 14:12:17.081514
1202172,Jhimma Collection,0,,2024-04-07 14:12:17.081514
1238021,Warning Collection,0,,2024-04-07 14:12:17.081514
482086,The Mole Song Collection,2,6.726000000000001,2024-04-07 14:12:17.081514
1013563,Osaka Trilogy by Lim Kah Wai,2,1.0,2024-04-07 14:12:17.081514
920712,Bunty Aur Babli,1,10.705,2024-04-07 14:12:17.081514
638051,PBTB Collection,3,0.7919999999999999,2024-04-07 14:12:17.081514
718934,Psych Collection,1,13.688,2024-04-07 14:12:17.081514
44937,Les Bodin's Collection,10,1.2641,2024-04-07 14:12:17.081514
968363,The Guidance Patrol Collection,2,1.7765,2024-04-07 14:12:17.081514
96676,Never Back Down Collection,3,41.492666666666665,2024-04-07 14:12:17.081514
1046220,Wedding Pact Collection,1,6.683,2024-04-07 14:12:17.081514
1085724,Bai Ivan Collection,0,,2024-04-07 14:12:17.081514
655915,A Família Natal (Coleção),2,2.5995,2024-04-07 14:12:17.081514
604425,The Oasis Collection,2,0.6405000000000001,2024-04-07 14:12:17.081514
2980,Ghostbusters Collection,2,82.7565,2024-04-07 14:12:17.081514
923738,Happiness Collection,1,3.514,2024-04-07 14:12:17.081514
1079241,Clifford the Big Red Dog Collection,0,,2024-04-07 14:12:17.081514
1201921,Thanksgiving Roast Collection,0,,2024-04-07 14:12:17.081514
895878,Tortured For Christ Collection,1,4.391,2024-04-07 14:12:17.081514
1231101,Student Restoring Corps Collection,0,,2024-04-07 14:12:17.081514
930856,Our Yard (Collection),3,0.917,2024-04-07 14:12:17.081514
661005,Christmas with a Prince Collection,2,7.987999999999999,2024-04-07 14:12:17.081514
1037394,Father Christmas is Back Collection,0,,2024-04-07 14:12:17.081514
374663,Mrs. Miracle Collection,3,6.357333333333333,2024-04-07 14:12:17.081514
1119875,We Drank Our Tears Collection,4,0.6,2024-04-07 14:12:17.081514
958218,Sumikkogurashi Collection,1,4.572,2024-04-07 14:12:17.081514
1214316,One Shot Collection,0,,2024-04-07 14:12:17.081514
1109523,Nurses Collection,0,,2024-04-07 14:12:17.081514
286951,Rohit Shetty Cop Universe,3,9.516333333333334,2024-04-07 14:12:17.081514
947858,Servus Filmreihe,1,1.098,2024-04-07 14:12:17.081514
828600,Christmas Thieves Collection,0,,2024-04-07 14:12:17.081514
1096396,Dog Town Collection,0,,2024-04-07 14:12:17.081514
932200,Red Notice Collection,0,,2024-04-07 14:12:17.081514
1062382,きのう何食べた？,0,,2024-04-07 14:12:17.081514
1209072,Obscuro: Coleção,0,,2024-04-07 14:12:17.081514
1101646,Christmas Under the Sea Collection,0,,2024-04-07 14:12:17.081514
565841,The Immortal Wars Collection,2,8.1385,2024-04-07 14:12:17.081514
933889,Trilogy by Marko Doringer,2,0.6559999999999999,2024-04-07 14:12:17.081514
984200,Carnal Collection,0,,2024-04-07 14:12:17.081514
1001670,Summoning Bloody Mary Collection,0,,2024-04-07 14:12:17.081514
470522,Storm Series,4,6.936,2024-04-07 14:12:17.081514
987484,99.9-刑事専門弁護士 Collection,0,,2024-04-07 14:12:17.081514
811053,The Legend of the Christmas Witch Collection,1,9.717,2024-04-07 14:12:17.081514
906438,Makmum,1,3.193,2024-04-07 14:12:17.081514
809460,Monica and Friends,1,8.772,2024-04-07 14:12:17.081514
920285,New Queer Visions Collection,2,0.8875,2024-04-07 14:12:17.081514
749828,The Trip - Collection,5,5.1186,2024-04-07 14:12:17.081514
911639,Les Plus Grands Secrets Révélés de Disney,1,0.6,2024-04-07 14:12:17.081514
1054534,Reno 911! Collection,1,16.383,2024-04-07 14:12:17.081514
589755,The Last Warrior (Collection),1,23.35,2024-04-07 14:12:17.081514
953177,Mince Alors ! - Saga,1,8.434,2024-04-07 14:12:17.081514
117695,Bamse Collection,6,2.839166666666667,2024-04-07 14:12:17.081514
964312,Vinski And The Invisibility Powder Collection,0,,2024-04-07 14:12:17.081514
391860,Kingsman Collection,2,75.2995,2024-04-07 14:12:17.081514
443996,Ghost in the Shell: Stand Alone Complex Collection,3,12.922666666666666,2024-04-07 14:12:17.081514
1002061,Covidland Collection,0,,2024-04-07 14:12:17.081514
579870,Serial (Bad) Weddings Collection,2,19.521,2024-04-07 14:12:17.081514
942589,Binckhorst collectie,2,0.6,2024-04-07 14:12:17.081514
922020,Chief Daddy Collection,1,3.014,2024-04-07 14:12:17.081514
1062467,Girls Getaway Gone Wrong Collection,0,,2024-04-07 14:12:17.081514
1102285,Manslaughter,1,15.088,2024-04-07 14:12:17.081514
985085,Eraser Collection,1,34.422,2024-04-07 14:12:17.081514
991695,Ein Krimi aus Passau,0,,2024-04-07 14:12:17.081514
1224318,Alemão: Coleção,1,4.567,2024-04-07 14:12:17.081514
1129231,KING OF KINGS コレクション,0,,2024-04-07 14:12:17.081514
1085468,They Love Each Other collection,6,1.0061666666666669,2024-04-07 14:12:17.081514
992413,Din Don - Collezione,2,3.385,2024-04-07 14:12:17.081514
955123,Warmish Series,1,1.4,2024-04-07 14:12:17.081514
1083423,X-Deal Collection,1,6.128,2024-04-07 14:12:17.081514
1112912,Haunted Universities Collection,1,3.286,2024-04-07 14:12:17.081514
894383,The Power of Love - Collection,2,1.487,2024-04-07 14:12:17.081514
1254580,Family Funeral Collection,0,,2024-04-07 14:12:17.081514
1122474,Necessity Collection,1,0.6,2024-04-07 14:12:17.081514
1245528,絶対BLになる世界VS絶対BLになりたくない男,0,,2024-04-07 14:12:17.081514
1253289,The French Boys Collection,0,,2024-04-07 14:12:17.081514
1165041,S.O.S. Mamis Collection,0,,2024-04-07 14:12:17.081514
1186012,Too Old For Fairy Tales - Collection,0,,2024-04-07 14:12:17.081514
1053628,Ultraman Trigger & Decker Collection,0,,2024-04-07 14:12:17.081514
954138,Oruthee Collection,0,,2024-04-07 14:12:17.081514
991025,El mundo es suyo - Colección,2,3.73,2024-04-07 14:12:17.081514
985016,Rabbit School Collection,1,8.204,2024-04-07 14:12:17.081514
1098751,C.I.Ape Collection,0,,2024-04-07 14:12:17.081514
950289,X Collection,0,,2024-04-07 14:12:17.081514
1231053,The Bad Guys Collection,0,,2024-04-07 14:12:17.081514
1198301,The Show Must Go On Collection,0,,2024-04-07 14:12:17.081514
950675,Kamen Rider OOO Collection,5,5.730400000000001,2024-04-07 14:12:17.081514
1018138,Invited Delivery Man Collection,0,,2024-04-07 14:12:17.081514
1236179,Zorn Collection,2,1.288,2024-04-07 14:12:17.081514
900844,Untold Stories of Independent India Collection,1,3.067,2024-04-07 14:12:17.081514
591956,Thi Baan The Series,3,1.9386666666666663,2024-04-07 14:12:17.081514
917953,Hvidstengruppen (samling),1,3.393,2024-04-07 14:12:17.081514
987454,The Legend of the Galactic Heroes: Die Neue These Collision: Collection,0,,2024-04-07 14:12:17.081514
148065,Doraemon Movies,48,16.810833333333335,2024-04-07 14:12:17.081514
1253122,Развод,0,,2024-04-07 14:12:17.081514
821702,Bad Ben Collection,6,0.802,2024-04-07 14:12:17.081514
559483,Bon Bini Holland Collection,2,2.9610000000000003,2024-04-07 14:12:17.081514
991937,Trilogy of 5 Towers,1,0.786,2024-04-07 14:12:17.081514
544669,Minions Collection,1,36.051,2024-04-07 14:12:17.081514
1080895,VERSEⁿ映像シリーズ,0,,2024-04-07 14:12:17.081514
990872,Disney's Magic Quests,0,,2024-04-07 14:12:17.081514
509215,Chocolate City Collection,2,5.630000000000001,2024-04-07 14:12:17.081514
959731,The Soreike! Anpanman Collection,31,3.4087741935483864,2024-04-07 14:12:17.081514
1010712,Fullmetal Alchemist (Live-Action) Collection,1,18.794,2024-04-07 14:12:17.081514
1070774,The Sea Beast Collection,0,,2024-04-07 14:12:17.081514
1119029,Third Saturday in October Collection,0,,2024-04-07 14:12:17.081514
939227,Beavis and Butt-Head Collection,1,15.848,2024-04-07 14:12:17.081514
932101,Keluarga Cemara Collection,1,2.981,2024-04-07 14:12:17.081514
1070952,Cock N' Bull Collection,2,1.0495,2024-04-07 14:12:17.081514
1197140,The Black Phone Collection,0,,2024-04-07 14:12:17.081514
1014599,The House in Between Collection,0,,2024-04-07 14:12:17.081514
1096007,Stepmother Collection,0,,2024-04-07 14:12:17.081514
245198,Feluda Collection,9,2.1497777777777776,2024-04-07 14:12:17.081514
969662,Nagabonar Collection,2,1.4935,2024-04-07 14:12:17.081514
1136355,Horse Camp Collection,1,3.147,2024-04-07 14:12:17.081514
619533,The Witch Collection,1,35.354,2024-04-07 14:12:17.081514
620873,Dragon Ball Super Collection,3,64.91699999999999,2024-04-07 14:12:17.081514
651183,DEAW Stand Up Comedy Show Collection,14,0.6587142857142856,2024-04-07 14:12:17.081514
925487,The Exam,1,3.53,2024-04-07 14:12:17.081514
1149275,Baggio Collection,0,,2024-04-07 14:12:17.081514
1173767,レッドブリッジ 2部作,0,,2024-04-07 14:12:17.081514
1211791,Horror Channel,1,0.63,2024-04-07 14:12:17.081514
1242377,目中无人（系列）,0,,2024-04-07 14:12:17.081514
920054,Breakout Brothers The Collection,0,,2024-04-07 14:12:17.081514
993732,South Park the Streaming Wars Collection,0,,2024-04-07 14:12:17.081514
605919,Feeders Collection,2,1.7055,2024-04-07 14:12:17.081514
328,Jurassic Park Collection,5,44.7478,2024-04-07 14:12:17.081514
976206,Sona Da Trilogy,2,3.1115000000000004,2024-04-07 14:12:17.081514
1024037,Black Is Beltza Collection,1,3.578,2024-04-07 14:12:17.081514
476066,The Begotten Cycle,2,5.4335,2024-04-07 14:12:17.081514
858086,Ponniyin Selvan Collection,0,,2024-04-07 14:12:17.081514
751156,Hocus Pocus Collection,1,41.871,2024-04-07 14:12:17.081514
1023655,Snowflake/Tornado,0,,2024-04-07 14:12:17.081514
1041720,School of the Magical Animals Collection,0,,2024-04-07 14:12:17.081514
1212419,Repatriation Collection,1,2.139,2024-04-07 14:12:17.081514
430186,Bring It On Collection,6,7.729,2024-04-07 14:12:17.081514
1015410,Under Wraps Collection,0,,2024-04-07 14:12:17.081514
225961,Birdemic Collection,2,10.616,2024-04-07 14:12:17.081514
1094783,Teenage Vampire Collection,0,,2024-04-07 14:12:17.081514
1100788,Smile Collection,0,,2024-04-07 14:12:17.081514
1232373,Train Bros Films,0,,2024-04-07 14:12:17.081514
1231949,There's No One Like Us Collection,0,,2024-04-07 14:12:17.081514
1094010,Jerry McBobbin Collection,0,,2024-04-07 14:12:17.081514
1231123,Love Thy Films,0,,2024-04-07 14:12:17.081514
922431,GALILEO collection,4,5.678,2024-04-07 14:12:17.081514
1083638,遙かなる山の呼び声 Collection,1,2.197,2024-04-07 14:12:17.081514
1170779,Boyz Collection,2,2.3465,2024-04-07 14:12:17.081514
1075736,Pterodactyl Collection,0,,2024-04-07 14:12:17.081514
1009054,Hartwig Seeler,1,0.829,2024-04-07 14:12:17.081514
1202974,Tales from the Occult Collection,0,,2024-04-07 14:12:17.081514
94899,Jeepers Creepers Collection,3,55.451,2024-04-07 14:12:17.081514
725887,Soof Collection,2,3.5650000000000004,2024-04-07 14:12:17.081514
1253128,He Played Me Collection,0,,2024-04-07 14:12:17.081514
1154860,Mahogany Collection,0,,2024-04-07 14:12:17.081514
473848,High & Low Collection,7,6.707142857142856,2024-04-07 14:12:17.081514
982302,Herman The Clown Collection,0,,2024-04-07 14:12:17.081514
499382,The Grump Collection,2,2.3595,2024-04-07 14:12:17.081514
936520,Abang Long Fadil Film Collection,2,3.4915000000000003,2024-04-07 14:12:17.081514
988126,Brahmāstra Collection,0,,2024-04-07 14:12:17.081514
1238330,Table for Six Collection,0,,2024-04-07 14:12:17.081514
1113644,Nick Cafmeyer Collectie,1,9.295,2024-04-07 14:12:17.081514
736824,Confidential Assignment,1,17.115,2024-04-07 14:12:17.081514
903782,The Bad Seed Collection,1,17.0,2024-04-07 14:12:17.081514
182813,Clerks Collection,2,21.202,2024-04-07 14:12:17.081514
1095881,Doctor On Display,0,,2024-04-07 14:12:17.081514
1243229,Iya na Bukken: Utsutte Shimatta Shinrei Eizō 10 Hon,0,,2024-04-07 14:12:17.081514
774972,Femalien Collection,3,2.8446666666666665,2024-04-07 14:12:17.081514
1036702,Icarus Collection,1,10.111,2024-04-07 14:12:17.081514
1014744,Ely + Bea (Collezione),0,,2024-04-07 14:12:17.081514
1055017,Hip Hop Family Christmas Collection,0,,2024-04-07 14:12:17.081514
1078456,Violent Night Collection,0,,2024-04-07 14:12:17.081514
1256011,Lust Love & Money Collection,0,,2024-04-07 14:12:17.081514
1055253,Faith Heist Collection,0,,2024-04-07 14:12:17.081514
1188730,Haul Out The Holly Collection,0,,2024-04-07 14:12:17.081514
1161721,ナニワ金融道,0,,2024-04-07 14:12:17.081514
1129604,The Chess Game,0,,2024-04-07 14:12:17.081514
1086324,Where Do You Stand?,10,1.027,2024-04-07 14:12:17.081514
485512,Walker Series,8,1.4275,2024-04-07 14:12:17.081514
797016,In Search of Darkness Collection,1,5.164,2024-04-07 14:12:17.081514
999608,Честный развод (Серия),0,,2024-04-07 14:12:17.081514
1108537,Tux and Fanny Collection,1,1.283,2024-04-07 14:12:17.081514
993128,Keramat Collection,1,1.744,2024-04-07 14:12:17.081514
534531,Prancer Collection,2,7.6205,2024-04-07 14:12:17.081514
1051993,Perfect Wife Collection,1,2.198,2024-04-07 14:12:17.081514
1154631,The Haunted Movie Collection Collection,0,,2024-04-07 14:12:17.081514
1029834,Drishyam Collection,1,14.601,2024-04-07 14:12:17.081514
531799,Enchanted Collection,1,49.359,2024-04-07 14:12:17.081514
1036634,Mariupolis Collection,1,1.688,2024-04-07 14:12:17.081514
1082177,"Good Morning, Sleeping Lion",0,,2024-04-07 14:12:17.081514
824004,Diabolik Collection,0,,2024-04-07 14:12:17.081514
1050658,The Barn Collection,1,6.361,2024-04-07 14:12:17.081514
1206321,You Don't Know Collection,0,,2024-04-07 14:12:17.081514
1041695,R.I.P.D. Collection,1,35.642,2024-04-07 14:12:17.081514
1018874,Conjuring the Genie Collection,0,,2024-04-07 14:12:17.081514
1248415,德云社2023年（系列）,0,,2024-04-07 14:12:17.081514
722971,Knives Out Collection,1,64.343,2024-04-07 14:12:17.081514
1068161,Boys Feels Collection,0,,2024-04-07 14:12:17.081514
996524,Meathook Massacre Collection,5,0.8872,2024-04-07 14:12:17.081514
1093385,Pocketman and Cargoboy Collection,1,1.233,2024-04-07 14:12:17.081514
926620,Golden Land Collection,0,,2024-04-07 14:12:17.081514
529892,Black Panther Collection,1,78.375,2024-04-07 14:12:17.081514
1099189,Steckbrief Natur,1,0.6,2024-04-07 14:12:17.081514
1234968,Perdiendo Mi Virginidad Collection,1,2.798,2024-04-07 14:12:17.081514
1066568,Terror Train Collection,0,,2024-04-07 14:12:17.081514
1218288,Kurzschluss Collection,0,,2024-04-07 14:12:17.081514
1158518,Furie Collection,1,12.756,2024-04-07 14:12:17.081514
579873,Major Grom Collection,1,5.339,2024-04-07 14:12:17.081514
419973,Basel Tattoo,8,0.6,2024-04-07 14:12:17.081514
1265502,The Dancing Village Collection,0,,2024-04-07 14:12:17.081514
258372,Prince Ivan & the Gray Wolf Collection,4,2.906,2024-04-07 14:12:17.081514
1235163,Montreux Comedy Festival - Collection,31,0.8941935483870971,2024-04-07 14:12:17.081514
990964,Kiljuset collection,2,0.925,2024-04-07 14:12:17.081514
1071588,M3GAN Collection,0,,2024-04-07 14:12:17.081514
1050217,M-1 Another story,3,0.6,2024-04-07 14:12:17.081514
1098704,福山☆冬の大感謝祭,19,0.6276842105263156,2024-04-07 14:12:17.081514
1030275,真・事故物件 シリーズ,0,,2024-04-07 14:12:17.081514
461755,Lapland Odyssey Collection,3,5.034666666666666,2024-04-07 14:12:17.081514
1049094,Cek Toko Sebelah - Collection,1,2.053,2024-04-07 14:12:17.081514
1106125,The Silver Spoon,0,,2024-04-07 14:12:17.081514
926177,Aldo Giovanni e Giacomo Collection,15,5.3348,2024-04-07 14:12:17.081514
1086359,Scare Package Collection,1,6.912,2024-04-07 14:12:17.081514
1152311,Pinkfong Sing-Along Movie Collection,1,3.691,2024-04-07 14:12:17.081514
1063154,Minori Collection,1,0.72,2024-04-07 14:12:17.081514
703485,The Seven Deadly Sins Collection,1,8.008,2024-04-07 14:12:17.081514
1094460,"Dear Child, How Are You?",0,,2024-04-07 14:12:17.081514
1160547,Klara Sonntag Collection,0,,2024-04-07 14:12:17.081514
1052890,Touken Ranbu Collection,1,3.633,2024-04-07 14:12:17.081514
1243514,King Şakir Collection,2,0.7204999999999999,2024-04-07 14:12:17.081514
1059359,Die Bestatterin Filmreihe,1,2.133,2024-04-07 14:12:17.081514
790471,"Manta, Manta Filmreihe",1,11.944,2024-04-07 14:12:17.081514
1256286,Dudes Collection,1,2.718,2024-04-07 14:12:17.081514
1004692,Inhuman Kiss Collection,1,23.596,2024-04-07 14:12:17.081514
1020749,Viduthalai Collection,0,,2024-04-07 14:12:17.081514
107478,Lovey-Dovey Collection,3,2.969,2024-04-07 14:12:17.081514
1194677,Surprise Collection,0,,2024-04-07 14:12:17.081514
1185585,辣警狂花系列,0,,2024-04-07 14:12:17.081514
929336,Murder Mystery Collection,1,39.332,2024-04-07 14:12:17.081514
1102610,Ape vs. Collection,0,,2024-04-07 14:12:17.081514
1104043,Chantilly Collection,1,1.769,2024-04-07 14:12:17.081514
1077707,Baby Assassins Collection,0,,2024-04-07 14:12:17.081514
1170357,García y García - Colección,0,,2024-04-07 14:12:17.081514
1162141,Trauma Therapy Collection,1,2.02,2024-04-07 14:12:17.081514
1223408,Richard the Stork Collection,1,22.599,2024-04-07 14:12:17.081514
1250633,Bank of Dave Collection,0,,2024-04-07 14:12:17.081514
1264823,Коты в музее,0,,2024-04-07 14:12:17.081514
1255002,Nicolas Philbert's Triptych on psychiatric care,0,,2024-04-07 14:12:17.081514
404609,John Wick Collection,3,80.63499999999999,2024-04-07 14:12:17.081514
1102777,Secure the Bag Collection,1,0.6,2024-04-07 14:12:17.081514
1256392,The Cases of Mystery Lane,0,,2024-04-07 14:12:17.081514
1101446,"Ce soir, c'est Palmashow Collection",1,2.936,2024-04-07 14:12:17.081514
1149146,Butch Cassidy Collection,0,,2024-04-07 14:12:17.081514
148093,Bastardi,3,1.7519999999999998,2024-04-07 14:12:17.081514
575548,Sea Monsters Collection,1,3.63,2024-04-07 14:12:17.081514
1229090,Hôtel fantôme - Saga,1,3.284,2024-04-07 14:12:17.081514
1092669,Le monde d'après - Saga,0,,2024-04-07 14:12:17.081514
724848,Shazam! Collection,1,40.541,2024-04-07 14:12:17.081514
1064664,美しい彼 Collection,0,,2024-04-07 14:12:17.081514
2602,Scream Collection,4,46.1815,2024-04-07 14:12:17.081514
1019540,1960. gada meitenes,1,0.6,2024-04-07 14:12:17.081514
1114906,Histórias (Im)possíveis: Coleção,0,,2024-04-07 14:12:17.081514
993868,Axegrinder Collection,2,1.2025,2024-04-07 14:12:17.081514
1254256,Холоп,1,24.44,2024-04-07 14:12:17.081514
1200280,Space-Time Hentai Virgin Series,0,,2024-04-07 14:12:17.081514
1089358,Asylum R.E.A.C.T. Collection,0,,2024-04-07 14:12:17.081514
1104256,Sayen Collection,0,,2024-04-07 14:12:17.081514
574862,Khun Pan Collection,2,3.514,2024-04-07 14:12:17.081514
1226952,Proportion Productions: The Darker Shades Collection,1,5.788,2024-04-07 14:12:17.081514
553717,Creed Collection,2,72.67150000000001,2024-04-07 14:12:17.081514
1227779,Una mamma all'improvviso - Collezione,0,,2024-04-07 14:12:17.081514
814221,Transmorphers Collection,2,6.771,2024-04-07 14:12:17.081514
1146221,Twisted House Sitter Collection,0,,2024-04-07 14:12:17.081514
1057876,東京リベンジャーズシリーズ,0,,2024-04-07 14:12:17.081514
968880,Pretty Guardian Sailor Moon Cosmos Collection,0,,2024-04-07 14:12:17.081514
1136734,Lust Stories Collection,1,10.267,2024-04-07 14:12:17.081514
972902,Carry on Jatta Collection,2,2.8635,2024-04-07 14:12:17.081514
84,Indiana Jones Collection,4,64.547,2024-04-07 14:12:17.081514
1155888,Dead & Company: The Final Tour 2023,0,,2024-04-07 14:12:17.081514
1144005,Conspiracies: The Hidden Truth Collection,0,,2024-04-07 14:12:17.081514
298778,1920 Collection,4,5.939,2024-04-07 14:12:17.081514
1073290,Rascal Does Not Dream of Collection,1,25.84,2024-04-07 14:12:17.081514
1154802,Love Live! Nijigasaki High School Idol Club Collection,0,,2024-04-07 14:12:17.081514
1130226,Through My Window Collection,0,,2024-04-07 14:12:17.081514
1062883,Thalainagaram Collection,1,1.873,2024-04-07 14:12:17.081514
133352,Resident Evil (Animated) Collection,3,34.46933333333333,2024-04-07 14:12:17.081514
1166174,Angels Fallen Collection (Fantasy Films),0,,2024-04-07 14:12:17.081514
1125659,An Unforgettable Year Collection,0,,2024-04-07 14:12:17.081514
1249020,Kamen Rider Geats Collection,0,,2024-04-07 14:12:17.081514
815197,Hüddam Koleksiyonu,2,0.8879999999999999,2024-04-07 14:12:17.081514
1207969,The Blackening Collection,0,,2024-04-07 14:12:17.081514
957890,Jurassic Shark Collection,1,10.079,2024-04-07 14:12:17.081514
1258292,The Adventures of J. Jackson and McCardigan,1,0.6,2024-04-07 14:12:17.081514
1139229,Golapi Golapi Collection,0,,2024-04-07 14:12:17.081514
735127,Extraction Collection,0,,2024-04-07 14:12:17.081514
1136393,La valigia sul letto - Collezione,1,3.054,2024-04-07 14:12:17.081514
1156666,Fault Collection,0,,2024-04-07 14:12:17.081514
940989,Lebbis: De Bovengrens Trilogie,1,0.6,2024-04-07 14:12:17.081514
939352,Transformers: Rise of the Beasts Collection,0,,2024-04-07 14:12:17.081514
1147410,YOASOBI ARENA TOUR 2023 “電光石火”,0,,2024-04-07 14:12:17.081514
1243487,Jitsuroku! Jiko Buke no Kiroku 10 Hon,0,,2024-04-07 14:12:17.081514
1136164,Rich in Love Collection,0,,2024-04-07 14:12:17.081514
1125458,Low Flyers Collection,1,1.548,2024-04-07 14:12:17.081514
1245977,El foráneo,0,,2024-04-07 14:12:17.081514
1199791,Ghost Adventures Movie Collection,1,2.775,2024-04-07 14:12:17.081514
619802,The Roundup Collection,1,43.616,2024-04-07 14:12:17.081514
573436,Spider-Man: Spider-Verse Collection,1,97.676,2024-04-07 14:12:17.081514
1133273,Trust Nobody Collection,0,,2024-04-07 14:12:17.081514
1172720,Life Collection,1,1.716,2024-04-07 14:12:17.081514
832241,The Ex-Files Collection,3,4.399333333333334,2024-04-07 14:12:17.081514
1091000,Chandramukhi Collection,1,11.593,2024-04-07 14:12:17.081514
489399,Fukrey Collection,2,6.5775,2024-04-07 14:12:17.081514
997747,Petualangan Sherina Collection,1,2.657,2024-04-07 14:12:17.081514
1155702,Street Flow Collection,1,15.933,2024-04-07 14:12:17.081514
656,Saw Collection,8,43.549875,2024-04-07 14:12:17.081514
1121901,Dirty Work Collection,1,7.283,2024-04-07 14:12:17.081514
830781,Pet Sematary (Reboot) Collection,1,38.173,2024-04-07 14:12:17.081514
1166372,Music is on the Menu - Collection,0,,2024-04-07 14:12:17.081514
802636,Mobile Suit Gundam SEED Collection,0,,2024-04-07 14:12:17.081514
281840,Marrying the Mafia Collection,5,4.6792,2024-04-07 14:12:17.081514
893731,PAW Patrol (Theatrical) Collection,0,,2024-04-07 14:12:17.081514
144200,The Swan Princess Collection,9,14.708555555555556,2024-04-07 14:12:17.081514
1260591,Knives Collection,0,,2024-04-07 14:12:17.081514
126125,The Expendables Collection,3,48.73666666666667,2024-04-07 14:12:17.081514
735384,Hercule Poirot (Kenneth Branagh) Collection,1,52.037,2024-04-07 14:12:17.081514
1090016,City Hunter (Reboot) Collection,1,15.77,2024-04-07 14:12:17.081514
906338,Senritsu Kaiki! Files,9,1.969444444444444,2024-04-07 14:12:17.081514
1176434,Enkel für... Filmreihe,0,,2024-04-07 14:12:17.081514
1154564,Tales of Franz Collection,0,,2024-04-07 14:12:17.081514
389767,My Big Fat Greek Wedding Collection,2,18.9585,2024-04-07 14:12:17.081514
968052,The Nun Collection,1,88.948,2024-04-07 14:12:17.081514
1242593,Gangster’s Daughter Collection,0,,2024-04-07 14:12:17.081514
978810,Axeman Collection,3,2.4473333333333334,2024-04-07 14:12:17.081514
1004694,4 Kings,0,,2024-04-07 14:12:17.081514
1205074,Heartburn Trilogy,1,6.644,2024-04-07 14:12:17.081514
1016358,..... Is Gone,1,0.634,2024-04-07 14:12:17.081514
1203106,"Ó Paí, Ó: Coleção",1,5.737,2024-04-07 14:12:17.081514
1074709,Srimulat: Hil Yang Mustahal Collection,0,,2024-04-07 14:12:17.081514
1101949,Good Burger Collection,1,26.121,2024-04-07 14:12:17.081514
1208192,Suffocated Collection,0,,2024-04-07 14:12:17.081514
1206629,Country Hearts Collection,0,,2024-04-07 14:12:17.081514
1206842,The Aggressives Collection,1,1.287,2024-04-07 14:12:17.081514
1199363,Khichdi Collection,1,1.512,2024-04-07 14:12:17.081514
684473,Saptha Sagaradaache Ello Collection,0,,2024-04-07 14:12:17.081514
1235977,Leo - Collection,0,,2024-04-07 14:12:17.081514
1211888,Thanksgiving Collection,0,,2024-04-07 14:12:17.081514
120447,Naval Cadets Collection,3,3.1490000000000005,2024-04-07 14:12:17.081514
131635,The Hunger Games Collection,4,73.22025000000001,2024-04-07 14:12:17.081514
1019275,Terror Toons,3,2.051333333333333,2024-04-07 14:12:17.081514
485645,YRF Spy Universe,3,19.64133333333333,2024-04-07 14:12:17.081514
1115322,Snake Collection,2,4.364,2024-04-07 14:12:17.081514
1202175,The Naal Collection,1,0.749,2024-04-07 14:12:17.081514
1060119,Jigarthanda Series,1,4.717,2024-04-07 14:12:17.081514
1196823,Lava - Colección,1,2.954,2024-04-07 14:12:17.081514
1215348,Life As It Should Be Collection,0,,2024-04-07 14:12:17.081514
479966,Sümela'nın Şifresi Collection,3,1.2283333333333333,2024-04-07 14:12:17.081514
417064,If You Are the One (Collection),2,6.7155000000000005,2024-04-07 14:12:17.081514
1212674,Kolleginnen Filmreihe,0,,2024-04-07 14:12:17.081514
1224007,All the Kemps Collection,0,,2024-04-07 14:12:17.081514
1223021,Ryuichi Sakamoto Collection,2,5.2365,2024-04-07 14:12:17.081514
1098992,Les SEGPA - Saga,0,,2024-04-07 14:12:17.081514
1054094,ノンレムの窓 Collection,0,,2024-04-07 14:12:17.081514
1241271,I'm Focused Series,0,,2024-04-07 14:12:17.081514
1073688,Dad Creep Series,0,,2024-04-07 14:12:17.081514
1089607,中国少年宇宙（系列）,0,,2024-04-07 14:12:17.081514
1221670,Můj přítel štvanec (kolekce),0,,2024-04-07 14:12:17.081514
1065804,Rafadan Tayfa Collection,2,2.5935,2024-04-07 14:12:17.081514
1213248,Salaar Collection,0,,2024-04-07 14:12:17.081514
1099960,Buya Hamka Collection,0,,2024-04-07 14:12:17.081514
1221379,Poskromienie złośnicy - Kolekcja,0,,2024-04-07 14:12:17.081514
660359,Admiral Yi Trilogy,1,27.586,2024-04-07 14:12:17.081514
573693,Aquaman Collection,1,94.253,2024-04-07 14:12:17.081514
1262375,Butchers Collection,0,,2024-04-07 14:12:17.081514
448150,Deadpool Collection,2,144.7455,2024-04-07 14:12:17.081514
86311,The Avengers Collection,4,147.095,2024-04-07 14:12:17.081514
987044,Joker Collection,1,110.831,2024-04-07 14:12:17.081514
131295,Captain America Collection,3,55.322,2024-04-07 14:12:17.081514
618529,Doctor Strange Collection,1,69.94,2024-04-07 14:12:17.081514
531241,Spider-Man (MCU) Collection,2,96.8385,2024-04-07 14:12:17.081514
284433,Guardians of the Galaxy Collection,2,58.6945,2024-04-07 14:12:17.081514
531242,Suicide Squad Collection,1,62.896,2024-04-07 14:12:17.081514
131296,Thor Collection,3,77.54366666666665,2024-04-07 14:12:17.081514
453993,The Wolverine Collection,3,32.00633333333334,2024-04-07 14:12:17.081514
477962,It Collection,2,72.543,2024-04-07 14:12:17.081514
435259,Fantastic Beasts Collection,2,61.312,2024-04-07 14:12:17.081514
209131,Man of Steel Collection,2,67.41,2024-04-07 14:12:17.081514
1084247,Zootopia Collection,1,118.015,2024-04-07 14:12:17.081514
623911,Captain Marvel Collection,1,78.241,2024-04-07 14:12:17.081514
726865,Baby Driver Collection,1,67.825,2024-04-07 14:12:17.081514
1258362,Ready Player One Collection,1,79.283,2024-04-07 14:12:17.081514
10,Star Wars Collection,9,57.995666666666665,2024-04-07 14:12:17.081514
495527,Jumanji Collection,3,45.574666666666666,2024-04-07 14:12:17.081514
422834,Ant-Man Collection,2,55.321,2024-04-07 14:12:17.081514
422837,Blade Runner Collection,2,113.009,2024-04-07 14:12:17.081514
748,X-Men Collection,7,32.03928571428572,2024-04-07 14:12:17.081514
468222,The Incredibles Collection,2,81.431,2024-04-07 14:12:17.081514
1241984,Moana Collection,1,24.03,2024-04-07 14:12:17.081514
137697,Finding Nemo Collection,2,82.0535,2024-04-07 14:12:17.081514
295,Pirates of the Caribbean Collection,5,129.141,2024-04-07 14:12:17.081514
382685,Now You See Me Collection,2,57.6435,2024-04-07 14:12:17.081514
9485,The Fast and the Furious Collection,8,25.48475,2024-04-07 14:12:17.081514
748401,Aladdin (Live-Action) Collection,1,63.387,2024-04-07 14:12:17.081514
762512,The Lion King (Reboot) Collection,1,85.098,2024-04-07 14:12:17.081514
10194,Toy Story Collection,4,102.0305,2024-04-07 14:12:17.081514
386382,Frozen Collection,2,95.5315,2024-04-07 14:12:17.081514
52785,xXx Collection,3,62.923,2024-04-07 14:12:17.081514
173710,Planet of the Apes (Reboot) Collection,3,126.07633333333332,2024-04-07 14:12:17.081514
135416,Prometheus Collection,2,64.631,2024-04-07 14:12:17.081514
427084,The Secret Life of Pets Collection,2,37.5845,2024-04-07 14:12:17.081514
87359,Mission: Impossible Collection,6,58.373333333333335,2024-04-07 14:12:17.081514
344830,Fifty Shades Collection,3,120.201,2024-04-07 14:12:17.081514
544670,Sing Collection,1,69.602,2024-04-07 14:12:17.081514
991356,Wonder Collection,1,47.886,2024-04-07 14:12:17.081514
295130,The Maze Runner Collection,3,131.384,2024-04-07 14:12:17.081514
742536,The Meg Collection,1,74.202,2024-04-07 14:12:17.081514
404825,Wreck-It Ralph Collection,2,65.517,2024-04-07 14:12:17.081514
748919,Don't Breathe Collection,1,40.578,2024-04-07 14:12:17.081514
619537,Train to Busan Collection,1,87.791,2024-04-07 14:12:17.081514
519457,The Boss Baby Collection,1,21.504,2024-04-07 14:12:17.081514
86066,Despicable Me Collection,3,90.366,2024-04-07 14:12:17.081514
1126392,The Platform Collection,1,41.384,2024-04-07 14:12:17.081514
283579,Divergent Collection,3,58.31833333333333,2024-04-07 14:12:17.081514
115575,Star Trek: Alternate Reality Collection,3,50.81466666666668,2024-04-07 14:12:17.081514
261307,Alice in Wonderland Collection,2,73.2155,2024-04-07 14:12:17.081514
115776,The Robert Langdon Collection,3,47.02266666666667,2024-04-07 14:12:17.081514
524837,Atomic Blonde Collection,1,41.104,2024-04-07 14:12:17.081514
89137,How to Train Your Dragon Collection,3,79.33299999999998,2024-04-07 14:12:17.081514
8650,Transformers Collection,5,39.0104,2024-04-07 14:12:17.081514
526380,Happy Death Day Collection,2,31.783,2024-04-07 14:12:17.081514
531331,Maleficent Collection,2,74.341,2024-04-07 14:12:17.081514
304378,Independence Day Collection,2,45.6785,2024-04-07 14:12:17.081514
870339,The Accountant Collection,1,50.872,2024-04-07 14:12:17.081514
31562,The Bourne Collection,5,38.077,2024-04-07 14:12:17.081514
77816,Kung Fu Panda Collection,3,187.94766666666663,2024-04-07 14:12:17.081514
87118,Cars Collection,3,73.63100000000001,2024-04-07 14:12:17.081514
402074,Annabelle Collection,3,57.83666666666667,2024-04-07 14:12:17.081514
537982,Zombieland Collection,2,44.728,2024-04-07 14:12:17.081514
1046516,Wind River Collection,1,37.471,2024-04-07 14:12:17.081514
523855,The Equalizer Collection,2,77.80199999999999,2024-04-07 14:12:17.081514
528,The Terminator Collection,6,63.72766666666666,2024-04-07 14:12:17.081514
393379,The Huntsman Collection,2,40.1065,2024-04-07 14:12:17.081514
363369,Pacific Rim Collection,2,69.29599999999999,2024-04-07 14:12:17.081514
403374,Jack Reacher Collection,2,56.162000000000006,2024-04-07 14:12:17.081514
386534,Has Fallen Collection,3,43.73533333333334,2024-04-07 14:12:17.081514
91361,Halloween Collection,9,32.06233333333333,2024-04-07 14:12:17.081514
769423,Escape Room Collection,1,33.612,2024-04-07 14:12:17.081514
399,Predator Collection,4,62.252,2024-04-07 14:12:17.081514
8354,Ice Age Collection,5,81.893,2024-04-07 14:12:17.081514
400700,Neighbors Collection,2,28.002,2024-04-07 14:12:17.081514
185103,Hotel Transylvania Collection,3,67.922,2024-04-07 14:12:17.081514
530064,The Shining Collection,2,44.6205,2024-04-07 14:12:17.081514
487376,Bad Moms Collection,2,26.603,2024-04-07 14:12:17.081514
975201,A Simple Favor Collection,1,29.712,2024-04-07 14:12:17.081514
773967,Lights Out Filmreihe,1,25.03,2024-04-07 14:12:17.081514
1145924,Searching Collection,1,26.6,2024-04-07 14:12:17.081514
5039,Rambo Collection,5,60.65560000000001,2024-04-07 14:12:17.081514
2326,Underworld Collection,5,46.794,2024-04-07 14:12:17.081514
531315,The Angry Birds Collection,2,54.2055,2024-04-07 14:12:17.081514
545955,Crazy Rich Asians Collection,1,29.807,2024-04-07 14:12:17.081514
401562,Teenage Mutant Ninja Turtles (Remake) Collection,2,67.08,2024-04-07 14:12:17.081514
496796,Sicario Collection,2,75.36449999999999,2024-04-07 14:12:17.081514
306031,Pitch Perfect Collection,3,61.442,2024-04-07 14:12:17.081514
458558,Mamma Mia! Collection,2,36.084,2024-04-07 14:12:17.081514
527439,Mary Poppins Collection,2,32.5695,2024-04-07 14:12:17.081514
280504,Mechanic Collection,2,40.182,2024-04-07 14:12:17.081514
591028,A Dog's Purpose Collection,2,41.527,2024-04-07 14:12:17.081514
424202,Trainspotting Collection,2,28.2355,2024-04-07 14:12:17.081514
17255,Resident Evil Collection,6,11.997166666666669,2024-04-07 14:12:17.081514
8936,Bridget Jones Collection,3,26.197000000000003,2024-04-07 14:12:17.081514
228446,Insidious Collection,4,46.815,2024-04-07 14:12:17.081514
933989,Den of Thieves Collection,1,50.98,2024-04-07 14:12:17.081514
635922,47 Meters Down Collection,2,23.557,2024-04-07 14:12:17.081514
1190121,Scary Stories to Tell in the Dark Collection,1,32.549,2024-04-07 14:12:17.081514
14563,The Ring Collection,3,32.015,2024-04-07 14:12:17.081514
848380,Cold Pursuit Collection,1,36.294,2024-04-07 14:12:17.081514
473971,Daddy's Home Collection,2,33.224000000000004,2024-04-07 14:12:17.081514
426103,Ouija Collection,2,39.9735,2024-04-07 14:12:17.081514
86117,Johnny English Collection,3,29.544333333333334,2024-04-07 14:12:17.081514
750822,The Addams Family (Animated) Collection,1,66.148,2024-04-07 14:12:17.081514
488924,Paddington Collection,2,32.537000000000006,2024-04-07 14:12:17.081514
352789,Zoolander Collection,2,31.9275,2024-04-07 14:12:17.081514
325470,The Lego Movie Collection,2,38.289,2024-04-07 14:12:17.081514
64750,Blair Witch Collection,3,27.18166666666667,2024-04-07 14:12:17.081514
70068,Ip Man Collection,4,18.7195,2024-04-07 14:12:17.081514
727761,Terrifier Collection,1,52.972,2024-04-07 14:12:17.081514
1196403,Code 8 Collection,1,70.974,2024-04-07 14:12:17.081514
608103,Shaft (Reboot) Collection,2,24.1085,2024-04-07 14:12:17.081514
1083390,Alibi.com Collection,1,14.09,2024-04-07 14:12:17.081514
376650,Ride Along Collection,2,25.1825,2024-04-07 14:12:17.081514
1078477,Girls Trip Collection,1,21.375,2024-04-07 14:12:17.081514
506355,Unfriended Collection,2,22.9235,2024-04-07 14:12:17.081514
508783,Goosebumps Collection,2,43.1985,2024-04-07 14:12:17.081514
525891,Escape Plan Collection,3,31.378,2024-04-07 14:12:17.081514
487765,The Strangers Collection,2,28.928,2024-04-07 14:12:17.081514
575987,The Girl - Millennium Collection,2,38.6545,2024-04-07 14:12:17.081514
111751,Texas Chainsaw Massacre Collection,7,34.30871428571429,2024-04-07 14:12:17.081514
10455,Child's Play Collection,7,46.036,2024-04-07 14:12:17.081514
732397,Captain Underpants Collection,2,27.0695,2024-04-07 14:12:17.081514
94039,Asterix and Obelix (Animation) Collection,10,23.953299999999995,2024-04-07 14:12:17.081514
1189668,My Hero Academia Collection,2,61.3275,2024-04-07 14:12:17.081514
925006,Downton Abbey Collection,1,22.077,2024-04-07 14:12:17.081514
484312,Skyline Collection,2,14.9285,2024-04-07 14:12:17.081514
211721,Taxi Collection,5,23.6374,2024-04-07 14:12:17.081514
531566,Along with the Gods Collection,2,37.453500000000005,2024-04-07 14:12:17.081514
765643,High Strung Collection,2,18.4325,2024-04-07 14:12:17.081514
583995,No manches Frida Collection,2,46.3155,2024-04-07 14:12:17.081514
604246,Attraction Collection,1,24.596,2024-04-07 14:12:17.081514
986760,Book Club Collection,1,18.577,2024-04-07 14:12:17.081514
423173,Bad Santa Collection,2,18.5925,2024-04-07 14:12:17.081514
1167005,Champions - Collection,1,12.992,2024-04-07 14:12:17.081514
99321,Gantz Collection,4,35.95575,2024-04-07 14:12:17.081514
668003,One Cut of the Dead Collection,2,8.591999999999999,2024-04-07 14:12:17.081514
669836,Father There Is Only One Collection,1,24.49,2024-04-07 14:12:17.081514
493668,Gnomeo & Juliet Collection,2,29.7845,2024-04-07 14:12:17.081514
350309,Bāhubali Collection,2,38.3745,2024-04-07 14:12:17.081514
52888,The Visitors Collection,3,23.36,2024-04-07 14:12:17.081514
23456,One Piece Collection,14,26.78457142857143,2024-04-07 14:12:17.081514
455278,My Mom is a Character Collection,3,7.150666666666666,2024-04-07 14:12:17.081514
534673,Madea Collection,11,13.966272727272726,2024-04-07 14:12:17.081514
726870,Jay and Silent Bob Collection,3,15.317999999999998,2024-04-07 14:12:17.081514
899158,Shaun the Sheep Collection,2,31.527,2024-04-07 14:12:17.081514
761648,Bigfoot Collection,1,26.779,2024-04-07 14:12:17.081514
86110,Diary of a Wimpy Kid Collection,4,30.50175,2024-04-07 14:12:17.081514
449462,Super Troopers Collection,2,19.263,2024-04-07 14:12:17.081514
176097,Barbershop Collection,3,16.971,2024-04-07 14:12:17.081514
982036,Big Fish & Begonia Collection,1,18.622,2024-04-07 14:12:17.081514
836546,White Snake Collection,1,29.646,2024-04-07 14:12:17.081514
105625,Firefly Collection,3,20.299333333333333,2024-04-07 14:12:17.081514
600207,Yu-Gi-Oh Collection,4,22.76875,2024-04-07 14:12:17.081514
888893,The Shiny Shrimps - Saga,1,12.997,2024-04-07 14:12:17.081514
428046,Viy Collection,2,28.5115,2024-04-07 14:12:17.081514
409343,God's Not Dead Collection,3,18.30966666666667,2024-04-07 14:12:17.081514
464308,The Nut Job Collection,2,35.593,2024-04-07 14:12:17.081514
492969,The Adventures of Tad Jones,2,30.466,2024-04-07 14:12:17.081514
982031,Ne Zha Collection,1,28.131,2024-04-07 14:12:17.081514
570184,Tickled Collection,2,4.477,2024-04-07 14:12:17.081514
579012,The New Adventures of Aladin Collection,2,15.7665,2024-04-07 14:12:17.081514
916357,Jack in the Box Collection,1,23.308,2024-04-07 14:12:17.081514
312977,Iron Sky Collection,2,24.8735,2024-04-07 14:12:17.081514
785960,The First Wave Collection,2,6.5265,2024-04-07 14:12:17.081514
878240,Monster Family Collection,1,20.257,2024-04-07 14:12:17.081514
619923,Ash Lad Collection,2,25.0985,2024-04-07 14:12:17.081514
424830,The Benji Collection,7,7.2672857142857135,2024-04-07 14:12:17.081514
211958,Dynamic Pro Super Robot Collection,16,7.123437499999999,2024-04-07 14:12:17.081514
837216,Rock Dog Collection,1,20.209,2024-04-07 14:12:17.081514
537279,The Invisible Boy Collection,2,16.285,2024-04-07 14:12:17.081514
522871,Kickboxer (Reboot) Collection,2,18.6445,2024-04-07 14:12:17.081514
1185967,Lupin the 3rd Collection,41,9.787365853658535,2024-04-07 14:12:17.081514
870234,Megalodon Collection,1,27.185,2024-04-07 14:12:17.081514
8917,Hellraiser Collection,10,33.46939999999999,2024-04-07 14:12:17.081514
471435,Wolf Warrior Collection,2,23.6045,2024-04-07 14:12:17.081514
583369,The Souvenir Collection,1,15.948,2024-04-07 14:12:17.081514
547477,Rendel Collection,1,17.083,2024-04-07 14:12:17.081514
390636,Fate/Stay Night: Heaven's Feel Collection,2,23.2185,2024-04-07 14:12:17.081514
93369,Ring Collection,8,17.84,2024-04-07 14:12:17.081514
1119168,Buddy Games Collection,1,36.554,2024-04-07 14:12:17.081514
464125,Dragon Nest Collection,2,24.6595,2024-04-07 14:12:17.081514
1111318,Operation Chromite Collection,2,20.486,2024-04-07 14:12:17.081514
497541,G.O.R.A. Collection,3,8.404000000000002,2024-04-07 14:12:17.081514
1036830,Just Retired Collection,1,6.945,2024-04-07 14:12:17.081514
222639,Detective Dee Collection (Tsui Hark),3,23.889666666666667,2024-04-07 14:12:17.081514
474026,The Mountain Collection,2,12.7475,2024-04-07 14:12:17.081514
619571,Steel Rain Collection,1,19.824,2024-04-07 14:12:17.081514
539554,An Inconvenient Collection,2,9.56,2024-04-07 14:12:17.081514
39199,Detective Conan Collection,23,23.564043478260867,2024-04-07 14:12:17.081514
1185338,Ölümlü Dünya Serisi,1,6.254,2024-04-07 14:12:17.081514
572498,Robot Collection,2,14.1385,2024-04-07 14:12:17.081514
962619,Agatha Collection,2,13.9985,2024-04-07 14:12:17.081514
653726,L.M. Montgomery's Anne of Green Gables Collection,3,8.506666666666668,2024-04-07 14:12:17.081514
980604,Kabir Singh Collection,1,9.616,2024-04-07 14:12:17.081514
557748,Jolly LLB Collection,2,6.37,2024-04-07 14:12:17.081514
518754,Sheep & Wolves Collection,2,19.6945,2024-04-07 14:12:17.081514
519163,Monster Hunt Collection,2,19.9025,2024-04-07 14:12:17.081514
583637,Magic Carpet Ride Collection,2,9.995,2024-04-07 14:12:17.081514
557749,Judwaa Collection,2,4.8375,2024-04-07 14:12:17.081514
707637,Chasing The Dragon Collection,2,9.2925,2024-04-07 14:12:17.081514
1192656,"Love, Chunibyo & Other Delusions! The Movie Collection",2,16.976,2024-04-07 14:12:17.081514
456576,Journey to the West Collection,2,25.6605,2024-04-07 14:12:17.081514
1087676,Eberhofer Collection,6,8.126333333333335,2024-04-07 14:12:17.081514
404302,Cold War Collection,2,12.7515,2024-04-07 14:12:17.081514
131989,Recep Ivedik Collection,6,9.684500000000002,2024-04-07 14:12:17.081514
392206,The Monkey King Collection,3,25.924666666666667,2024-04-07 14:12:17.081514
479002,Gogol Collection,3,11.827999999999998,2024-04-07 14:12:17.081514
702159,A Man and a Woman Collection,3,10.47,2024-04-07 14:12:17.081514
568294,Red Dog Collection,2,14.079,2024-04-07 14:12:17.081514
506044,The Girl of Your Dreams Collection,2,9.5365,2024-04-07 14:12:17.081514
382402,Assassination Classroom Collection,2,19.013,2024-04-07 14:12:17.081514
1018621,China Victory Trilogy Collection,2,9.232,2024-04-07 14:12:17.081514
632619,The Sharks Collection,2,9.836,2024-04-07 14:12:17.081514
466004,A Few Best Men Collection,2,10.265,2024-04-07 14:12:17.081514
736592,Mardaani Collection,2,7.263999999999999,2024-04-07 14:12:17.081514
479680,My Brother Series,2,4.8395,2024-04-07 14:12:17.081514
935951,Lucifer Collection,1,9.546,2024-04-07 14:12:17.081514
357402,Digimon Adventure tri. Collection,6,10.711166666666664,2024-04-07 14:12:17.081514
978607,Trinity Seven Movie Collection,2,14.709,2024-04-07 14:12:17.081514
627716,Line Walker Collection,2,10.7045,2024-04-07 14:12:17.081514
1015007,Aykut Enişte [Seri],1,6.766,2024-04-07 14:12:17.081514
429409,Force Collection,2,5.434,2024-04-07 14:12:17.081514
473977,Çalgı Çengi Collection,2,3.149,2024-04-07 14:12:17.081514
576479,Бабушка лёгкого поведения,2,3.6495,2024-04-07 14:12:17.081514
599668,The Blue Elephant Trilogy,2,5.443,2024-04-07 14:12:17.081514
506085,About Love Collection,2,5.756,2024-04-07 14:12:17.081514
558854,Howard Lovecraft Collection,3,3.6236666666666655,2024-04-07 14:12:17.081514
637217,El Crack Collection,3,3.9736666666666665,2024-04-07 14:12:17.081514
509631,Haunted Road Collection,2,2.277,2024-04-07 14:12:17.081514
474012,Kocan Kadar Konuş [Seri],2,4.551,2024-04-07 14:12:17.081514
255206,Famous Five Collection,5,8.4392,2024-04-07 14:12:17.081514
579896,The Fixies Collection,2,9.6645,2024-04-07 14:12:17.081514
536489,The Accidental Detective Collection,2,8.596,2024-04-07 14:12:17.081514
534315,Snowtime! Collection,2,13.3095,2024-04-07 14:12:17.081514
107465,Six Degrees of Celebration Collection,8,4.4270000000000005,2024-04-07 14:12:17.081514
612002,Coconut The Little Dragon Collection,2,7.737,2024-04-07 14:12:17.081514
376552,Mobile Suit Gundam: The Origin Collection,6,9.174333333333337,2024-04-07 14:12:17.081514
11173,The Wild Soccer Bunch Collection,6,7.256999999999999,2024-04-07 14:12:17.081514
680435,Code Geass: Lelouch of the Rebellion,4,13.7755,2024-04-07 14:12:17.081514
1015220,Ori naa kodaka collection,1,4.201,2024-04-07 14:12:17.081514
340890,PERSONA3 THE MOVIE Collection,4,10.766,2024-04-07 14:12:17.081514
976855,Fate/kaleid liner Prisma☆Illya,1,14.466,2024-04-07 14:12:17.081514
473847,Tazza Collection,3,13.969666666666669,2024-04-07 14:12:17.081514
518594,Fantastic Journey To Oz,2,52.6655,2024-04-07 14:12:17.081514
666935,D.P.A. - Detetives do Prédio Azul: Coleção,2,3.152,2024-04-07 14:12:17.081514
482109,Louis & Luca Collection,5,8.3612,2024-04-07 14:12:17.081514
657773,Munafik Trilogy,3,4.045333333333333,2024-04-07 14:12:17.081514
442338,The Pasta Detectives Collection,3,3.796666666666667,2024-04-07 14:12:17.081514
912964,Ghayal Collection,2,5.223000000000001,2024-04-07 14:12:17.081514
479974,Yok Artık [Seri],2,2.4955,2024-04-07 14:12:17.081514
814181,Boonie Bears Collection,8,9.08425,2024-04-07 14:12:17.081514
747942,The Die Beautiful Collection,2,2.0095,2024-04-07 14:12:17.081514
941649,Bangarraju Collection,1,4.972,2024-04-07 14:12:17.081514
1172511,Kamen Rider Heisei Generations Series,3,8.870666666666667,2024-04-07 14:12:17.081514
1117735,Thomas & Friends Collection,14,7.966285714285712,2024-04-07 14:12:17.081514
334486,Detective K Collection,3,8.876,2024-04-07 14:12:17.081514
502441,Чемпионы (Коллекция),2,3.173,2024-04-07 14:12:17.081514
95051,The Up Collection,9,3.3823333333333334,2024-04-07 14:12:17.081514
1057892,Kaybedenler Kulübü Serisi,2,4.189,2024-04-07 14:12:17.081514
401261,Hate Story Collection,4,5.202999999999999,2024-04-07 14:12:17.081514
600117,The Gigolo Collection,2,58.593,2024-04-07 14:12:17.081514
919400,Class Reunion Collection,3,1.656666666666667,2024-04-07 14:12:17.081514
1163491,Robo-Dog Collection,2,4.6935,2024-04-07 14:12:17.081514
415712,Major Mahadevan Collection,4,3.72025,2024-04-07 14:12:17.081514
480890,Conni & Co Filmreihe,2,3.5875000000000004,2024-04-07 14:12:17.081514
985270,Manje Bistre Collection,2,2.705,2024-04-07 14:12:17.081514
540660,The Boxcar Children Collection,2,3.9375,2024-04-07 14:12:17.081514
1170349,Chander Pahar Trilogy,2,3.1305,2024-04-07 14:12:17.081514
442004,HoneyBee Collection,2,2.354,2024-04-07 14:12:17.081514
553438,Fishtales Collection,3,1.6949999999999996,2024-04-07 14:12:17.081514
231657,Magical Girl Lyrical Nanoha – Collection,4,5.852,2024-04-07 14:12:17.081514
1187846,Ritter Rost Filmreihe,2,5.0555,2024-04-07 14:12:17.081514
857297,The Wedding Party Collection,2,3.9155,2024-04-07 14:12:17.081514
520411,Goenda Shabor Collection,3,3.168,2024-04-07 14:12:17.081514
771581,I Give You My Word Collection,3,1.9686666666666668,2024-04-07 14:12:17.081514
598786,3 Braves Universe,3,2.2096666666666667,2024-04-07 14:12:17.081514
1252194,Boss (Bengali) Trilogy,2,1.2839999999999998,2024-04-07 14:12:17.081514
948303,Ardaas Collection,2,2.7355,2024-04-07 14:12:17.081514
1207402,Zorori Collection,5,1.7026,2024-04-07 14:12:17.081514
823325,Pretty Rhythm Collection,8,1.74975,2024-04-07 14:12:17.081514
1077212,Now That's What I Call Staxus! Series,5,0.0,2024-04-07 14:12:17.081514
131292,Iron Man Collection,3,93.54566666666666,2024-04-07 14:12:17.081514
8945,Mad Max Collection,4,71.84625,2024-04-07 14:12:17.081514
1022790,Inside Out Collection,1,221.591,2024-04-07 14:12:17.081514
868884,Lucy Collection,1,49.512,2024-04-07 14:12:17.081514
121938,The Hobbit Collection,3,102.11433333333332,2024-04-07 14:12:17.081514
125574,The Amazing Spider-Man Collection,2,82.869,2024-04-07 14:12:17.081514
137696,"Monsters, Inc. Collection",2,103.298,2024-04-07 14:12:17.081514
86119,The Hangover Collection,3,65.60966666666667,2024-04-07 14:12:17.081514
212562,Jump Street Collection,2,36.259,2024-04-07 14:12:17.081514
266672,Ted Collection,2,87.11250000000001,2024-04-07 14:12:17.081514
125570,300 Collection,2,49.061,2024-04-07 14:12:17.081514
1570,Die Hard Collection,5,41.5926,2024-04-07 14:12:17.081514
1198581,It Follows Collection,1,50.292,2024-04-07 14:12:17.081514
179892,Kick-Ass Collection,2,38.728,2024-04-07 14:12:17.081514
85943,Night at the Museum Collection,3,41.79133333333333,2024-04-07 14:12:17.081514
135483,Taken Collection,3,65.999,2024-04-07 14:12:17.081514
135468,G.I. Joe (Live-Action) Collection,2,45.93,2024-04-07 14:12:17.081514
179919,Percy Jackson Collection,2,51.5765,2024-04-07 14:12:17.081514
180546,Grown Ups Collection,2,107.6785,2024-04-07 14:12:17.081514
725873,Unbroken Collection,2,22.2655,2024-04-07 14:12:17.081514
280588,Horrible Bosses Collection,2,44.3595,2024-04-07 14:12:17.081514
2794,The Chronicles of Riddick Collection,3,25.857333333333333,2024-04-07 14:12:17.081514
163902,RED Collection,2,33.551500000000004,2024-04-07 14:12:17.081514
732461,47 Ronin Collection,1,37.476,2024-04-07 14:12:17.081514
135179,Sin City Collection,2,44.7695,2024-04-07 14:12:17.081514
229932,Rio Collection,2,54.4725,2024-04-07 14:12:17.081514
258664,Nymphomaniac Collection,2,33.476,2024-04-07 14:12:17.081514
96665,Dumb and Dumber Collection,3,41.28833333333333,2024-04-07 14:12:17.081514
177467,Cloudy with a Chance of Meatballs Collection,2,48.8385,2024-04-07 14:12:17.081514
737031,Hitman Collection,2,42.0195,2024-04-07 14:12:17.081514
1175592,Run All Night Collection,1,37.003,2024-04-07 14:12:17.081514
4246,Scary Movie Collection,5,45.348,2024-04-07 14:12:17.081514
93791,Anchorman Collection,3,23.104333333333333,2024-04-07 14:12:17.081514
275402,SpongeBob Collection,2,60.2945,2024-04-07 14:12:17.081514
123800,Before... Collection,3,27.356,2024-04-07 14:12:17.081514
257960,The Raid Collection,2,37.1075,2024-04-07 14:12:17.081514
134897,The Smurfs (Theatrical) Collection,2,42.7465,2024-04-07 14:12:17.081514
357173,Sinister Collection,2,34.571,2024-04-07 14:12:17.081514
86092,Step Up Collection,5,34.1968,2024-04-07 14:12:17.081514
331841,Babysitting Collection,2,16.549500000000002,2024-04-07 14:12:17.081514
210006,Machete Collection,2,24.9265,2024-04-07 14:12:17.081514
482693,I Can Quit Whenever I Want Collection,3,8.148666666666667,2024-04-07 14:12:17.081514
23616,Naruto Collection,11,37.828818181818185,2024-04-07 14:12:17.081514
251937,A Haunted House Collection,2,51.833,2024-04-07 14:12:17.081514
328247,Magic Mike Collection,2,26.845,2024-04-07 14:12:17.081514
344555,Suck Me Shakespeer Collection,3,19.706,2024-04-07 14:12:17.081514
270252,Planes Collection,2,29.5435,2024-04-07 14:12:17.081514
167613,Alvin and the Chipmunks Collection,4,46.3515,2024-04-07 14:12:17.081514
989621,Jackass Presents: Bad Grandpa Collection,2,17.373,2024-04-07 14:12:17.081514
328372,Mall Cop Collection,2,29.7025,2024-04-07 14:12:17.081514
41437,Paranormal Activity Collection,6,26.7705,2024-04-07 14:12:17.081514
1099297,Left Behind (Reboot) Collection,2,25.8935,2024-04-07 14:12:17.081514
535748,Wave / Quake Collection,2,35.012,2024-04-07 14:12:17.081514
219691,I Spit on Your Grave Collection,3,41.20366666666666,2024-04-07 14:12:17.081514
304025,Gwendolyn Shepherd Collection,3,19.623666666666665,2024-04-07 14:12:17.081514
74508,[REC] Collection,4,24.07325,2024-04-07 14:12:17.081514
256287,Justice League (Animated) Collection,3,28.24733333333333,2024-04-07 14:12:17.081514
315560,The Woman in Black Collection,2,24.0245,2024-04-07 14:12:17.081514
454520,Space Pirate Captain Harlock Collection,3,14.311666666666667,2024-04-07 14:12:17.081514
315595,Tinker Bell Collection,8,58.397625000000005,2024-04-07 14:12:17.081514
506363,The Gallows Collection,2,13.384,2024-04-07 14:12:17.081514
313576,Hot Tub Time Machine Collection,2,23.3435,2024-04-07 14:12:17.081514
256377,The Muppets Collection,2,26.251,2024-04-07 14:12:17.081514
456778,Max Collection,2,25.5165,2024-04-07 14:12:17.081514
96671,The Human Centipede Collection,3,42.802666666666674,2024-04-07 14:12:17.081514
306937,Best Exotic Marigold Hotel Collection,2,15.610500000000002,2024-04-07 14:12:17.081514
926517,Barbecue Collection,1,7.427,2024-04-07 14:12:17.081514
592744,Benvenuto Presidente - Collezione,2,7.7975,2024-04-07 14:12:17.081514
239766,Spanish Apartment Trilogy,3,13.633,2024-04-07 14:12:17.081514
109079,Saint Seiya Collection,6,39.41033333333333,2024-04-07 14:12:17.081514
388180,Spanish Affair Collection,2,14.933,2024-04-07 14:12:17.081514
286038,Dead Snow Collection,2,18.5755,2024-04-07 14:12:17.081514
268098,Wolf Creek Collection,2,16.569,2024-04-07 14:12:17.081514
207632,The ABCs of Death Collection,3,12.100666666666667,2024-04-07 14:12:17.081514
239430,Think Like a Man Collection,2,20.25,2024-04-07 14:12:17.081514
177675,The Last Exorcism Collection,2,21.7365,2024-04-07 14:12:17.081514
358930,Contracted Collection,2,13.8425,2024-04-07 14:12:17.081514
576490,Minuscule Collection,2,22.518,2024-04-07 14:12:17.081514
288491,Dolphin Tale Collection,2,17.915,2024-04-07 14:12:17.081514
269098,Police Story Collection,7,24.65642857142857,2024-04-07 14:12:17.081514
1083331,Antigang - Saga,1,17.677,2024-04-07 14:12:17.081514
446782,The Disappearance Of Eleanor Rigby Collection,3,10.203333333333331,2024-04-07 14:12:17.081514
44976,Dhoom Collection,3,16.38533333333333,2024-04-07 14:12:17.081514
243598,The Best Man Collection,2,11.821,2024-04-07 14:12:17.081514
251970,The Protector Collection,2,37.9415,2024-04-07 14:12:17.081514
343297,My Little Pony: Equestria Girls Collection,9,11.650888888888888,2024-04-07 14:12:17.081514
683139,Mojin Collection,3,21.91633333333333,2024-04-07 14:12:17.081514
483535,Huevos - Collection,3,19.864666666666665,2024-04-07 14:12:17.081514
591122,The Pirates Collection,1,19.382,2024-04-07 14:12:17.081514
528179,Iceman Collection,2,10.9915,2024-04-07 14:12:17.081514
2248,Torrente Collection,5,14.0084,2024-04-07 14:12:17.081514
196753,Ghost in the Shell: Arise Collection,5,16.1452,2024-04-07 14:12:17.081514
1089303,Veteran Collection,1,13.238,2024-04-07 14:12:17.081514
571270,Hunter x Hunter Collection,2,23.6905,2024-04-07 14:12:17.081514
212166,Puella Magi Madoka Magica: The Movie,3,18.721,2024-04-07 14:12:17.081514
426761,Hentai Kamen Collection,2,14.1665,2024-04-07 14:12:17.081514
805909,The Paul Dédalus Collection,3,7.632666666666665,2024-04-07 14:12:17.081514
808632,Wong Fei-Hung Collection,4,14.7825,2024-04-07 14:12:17.081514
661028,Pokémon: Best Wishes! Collection,4,24.45025,2024-04-07 14:12:17.081514
282971,Aashiqui Collection,2,8.982,2024-04-07 14:12:17.081514
1021287,Villain Collection,1,13.077,2024-04-07 14:12:17.081514
341455,Tanu Weds Manu Collection,2,6.8515,2024-04-07 14:12:17.081514
829687,Go Goa Gone Collection,1,8.947,2024-04-07 14:12:17.081514
243811,Paradise Trilogy,3,11.512,2024-04-07 14:12:17.081514
600141,So Young Collection,2,10.954,2024-04-07 14:12:17.081514
584364,Finding Mr. Right Collection,2,8.3865,2024-04-07 14:12:17.081514
259085,Ironclad Collection,2,10.724,2024-04-07 14:12:17.081514
633664,The Divine Move Collection,2,12.616,2024-04-07 14:12:17.081514
115708,Winx Club Collection,3,14.726,2024-04-07 14:12:17.081514
654203,Vishwaroopam Collection,2,5.9245,2024-04-07 14:12:17.081514
661199,Kartoffelsalat Filmreihe,1,4.485,2024-04-07 14:12:17.081514
448758,Børning Collection,2,17.115499999999997,2024-04-07 14:12:17.081514
337957,ABCD Collection,2,7.5605,2024-04-07 14:12:17.081514
166381,Atlas Shrugged Collection,3,11.136333333333337,2024-04-07 14:12:17.081514
589061,Queen of Spades Collection,2,8.0755,2024-04-07 14:12:17.081514
931869,14+ (Коллекция),1,8.174,2024-04-07 14:12:17.081514
948531,Once I Was ... Collection,1,5.967,2024-04-07 14:12:17.081514
347469,Antboy Collection,3,15.36,2024-04-07 14:12:17.081514
1246435,Ju-on (Reboot) Collection,2,10.1575,2024-04-07 14:12:17.081514
1161210,Cine Holliúdy: Coleção,2,2.386,2024-04-07 14:12:17.081514
690477,Velaiyilai Pattathari Collection,2,5.026,2024-04-07 14:12:17.081514
212123,Tiny Times Collection,4,5.06475,2024-04-07 14:12:17.081514
1114673,Soodhu Kavvum Collection,1,9.946,2024-04-07 14:12:17.081514
252338,The Four Collection,3,12.115666666666664,2024-04-07 14:12:17.081514
473845,Midnight Diner Collection,2,6.7905,2024-04-07 14:12:17.081514
669105,Призрак (Серия),1,4.573,2024-04-07 14:12:17.081514
980665,Heropanti Collection,1,5.863,2024-04-07 14:12:17.081514
297501,I'm A Zombie Collection,2,7.758,2024-04-07 14:12:17.081514
352020,Soulless,2,5.483499999999999,2024-04-07 14:12:17.081514
333000,Santa's Apprentice Collection,2,7.4015,2024-04-07 14:12:17.081514
474015,Mandıra Filozofu Series,2,2.4665,2024-04-07 14:12:17.081514
315054,Dark World Collection,2,7.9665,2024-04-07 14:12:17.081514
419784,Masti Collection,3,5.207999999999999,2024-04-07 14:12:17.081514
629064,Sons of Rizk collection,2,5.7010000000000005,2024-04-07 14:12:17.081514
923369,Pisaasu Collection,1,3.81,2024-04-07 14:12:17.081514
673576,¡Asu Mare! Collection,3,4.168333333333334,2024-04-07 14:12:17.081514
738438,Shootout Collection,2,3.3915,2024-04-07 14:12:17.081514
215456,Rabbit Without Ears Collection,3,8.715,2024-04-07 14:12:17.081514
736466,Nice Sister-In-Law Series,6,10.689333333333332,2024-04-07 14:12:17.081514
333154,The Anderssons Collection,3,6.036666666666666,2024-04-07 14:12:17.081514
818622,Four Sisters and a Wedding Collection,1,9.834,2024-04-07 14:12:17.081514
326369,Trick Collection,7,3.699571428571428,2024-04-07 14:12:17.081514
474005,Under Construction Series,2,2.5765,2024-04-07 14:12:17.081514
251383,The Gamers Collection,8,1.683125,2024-04-07 14:12:17.081514
557690,Essex Boys,5,3.3042,2024-04-07 14:12:17.081514
1001242,Yaariyan Collection,1,4.178,2024-04-07 14:12:17.081514
160598,Brigada Z Collection,10,2.0748,2024-04-07 14:12:17.081514
527941,One More Chance Collection,2,7.412,2024-04-07 14:12:17.081514
372070,The Watchers,4,3.23125,2024-04-07 14:12:17.081514
399925,V8 Collection,2,4.288,2024-04-07 14:12:17.081514
935280,Pizza Collection,2,4.7875,2024-04-07 14:12:17.081514
840687,Upendra Collection,2,2.8665,2024-04-07 14:12:17.081514
1154847,Hawa Bodol Collection,1,1.378,2024-04-07 14:12:17.081514
401079,Lan Kwai Fong Collection,3,25.23033333333333,2024-04-07 14:12:17.081514
521291,Ah Boys to Men Collection,4,2.2315,2024-04-07 14:12:17.081514
501769,Doktor Proktor Filmreihe,2,5.549,2024-04-07 14:12:17.081514
1138547,Polis Evo Collection,2,3.4345,2024-04-07 14:12:17.081514
1043979,Bunshinsaba Films,6,2.919166666666666,2024-04-07 14:12:17.081514
934381,Comic 8 - Collection,3,2.298666666666666,2024-04-07 14:12:17.081514
1139100,The Jungle Bunch Collection,3,9.510666666666664,2024-04-07 14:12:17.081514
1062381,爸爸去哪儿（系列）,2,0.75,2024-04-07 14:12:17.081514
1202764,Kamen Rider Movie War Series,5,7.2012,2024-04-07 14:12:17.081514
1036292,Agnee trilogy,2,1.7035,2024-04-07 14:12:17.081514
717062,Gatao Collection,2,6.234999999999999,2024-04-07 14:12:17.081514
1166971,City of Mice,2,0.8839999999999999,2024-04-07 14:12:17.081514
741052,The Lion Men Series,2,2.228,2024-04-07 14:12:17.081514
507847,Siblings Are Forever Collection,2,1.29,2024-04-07 14:12:17.081514
624580,3 Little Pigs collection,2,1.441,2024-04-07 14:12:17.081514
571332,Balala the Fairies series,3,1.271,2024-04-07 14:12:17.081514
